line,prev_node,next_node,edge_type,prev_sku,next_sku,hours,count
14,AURUM|1/3|P12|KR6BNAU7,DAMM LEMON|1/3|UNI|KR00928,C_brand,3BNAULD1,DL13LT,2.321,1
14,AURUM|1/3|P12|KR6BNAU7,ESTRELLA DAMM|1/3|UNI|KR00444,C_brand,3BNAULD1,ED13LCMM,2.4171,1
14,BOCK DAMM|1/3|UNI|KR02512,ESTRELLA DAMM|1/3|UNI|KR02337,C_brand,BO13LT,EX1324BN,2.3228,1
14,COMPLOT|1/3|UNI|KR05002,FREE DAMM TOSTADA|1/3|PACK|KR04806,C_brand,CM13LT,FDT1312N,0.6401,1
14,COVIRAN|1/3|P12|KR6BNCDB,SKOL|1/3|RETR|KR80117,C_brand,3BNCDLD2,SK13L12,1.7935,1
14,DAMM LEMON|1/3|UNI|KR00928,ESTRELLA DAMM|1/3|UNI|KR00444,C_brand,DL13LMPN,ED13LCMM,3.4021,1
14,DAMM LEMON|1/3|UNI|KR00928,SKOL|1/3|RETR|KR80116,C_brand,DL13LMPN,SK1312MN,0.4987,1
14,"DAURA 0,0|1/3|PACK|KR06400",ESTRELLA DAMM|1/3|UNI|KR00440,C_brand,ECN13L6U,ED13LCMM,1.2239,1
14,DAURA|1/3|PACK|KR07000,DAURA IPA|1/3|PACK|KR06900,C_brand,EC13LP6U,DIP13L6U,2.5386,1
14,DAURA|1/3|UNI|KR02209,FREE DAMM|1/3|UNI|KR00038,C_brand,EC13LTNN,FD13LTNN,1.7041,1
14,EMD BRAU|1/3|P12|KR6BNEB9,COMPLOT|1/3|UNI|KR05002,C_brand,3BNEBL23,CM13LT,1.6739,1
14,EMD BRAU|1/3|P12|KR6BNEB9,"DAURA 0,0|1/3|PACK|KR06400",C_brand,3BNEBL23,ECN13L6U,1.4896,1
14,EMD BRAU|1/3|P12|KR6BNEB9,EMD BRAU|1/3|P12|KR6BNEB9,C0_self,3BNEBL23,3BNEBL23,1.9472,5
14,EMD BRAU|1/3|P12|KR6BNEB9,ESTRELLA DAMM|1/3|P6|KR02335,C_brand,3BNEBL23,EX13LTP6,2.3444,1
14,EMD BRAU|1/3|P12|KR6BNEB9,ESTRELLA DAMM|1/3|UNI|KR00440,C_brand,3BNEBL23,ED13LCMM,2.5528,2
14,EMD BRAU|1/3|P12|KR6BNEB9,ESTRELLA DAMM|1/3|UNI|KR00443,C_brand,3BNEBL23,ED13LTMW,2.4185,5
14,EMD BRAU|1/3|P12|KR6BNEB9,ESTRELLA DAMM|1/3|UNI|KR00444,C_brand,3BNEBL23,ED13LCMM,2.4903,5
14,EMD BRAU|1/3|P12|KR6BNEB9,LA FRÍA|1/3|P24|KR6BNZF1,C_brand,3BNEBL23,3BNZFLB1,0.1787,3
14,EMD BRAU|1/3|P12|KR6BNEB9,SKOL|1/3|RETR|KR80117,C_brand,3BNEBLD2,SK13L12,1.0646,1
14,EMD BRAU|1/3|P12|KR6BNEB9,SKOL|1/3|UNI|KR80117,C_brand,3BNEBL23,SK13LN,1.2539,1
14,EMD BRAU|1/3|P12|KR6BNEB9,VOLL DAMM|1/3|UNI|KR00528,C_brand,3BNEBL23,VO13LTMN,0.7335,2
14,ESTRELLA DAMM|1/2|UNI|KR00127,VICTORIA|1/3|P6|KR81115,C_brand,ED12LTW,VI13L6N,1.0939,1
14,ESTRELLA DAMM|1/3|P24|KR02332,ESTRELLA NON-ALCOHOLIC|1/3|P24|KR02104,C_brand,EX13LBUK,ENB13LB,1.5687,0
14,ESTRELLA DAMM|1/3|P24|KR02332,SKOL|1/3|RETR|KR80115,C_brand,EX13LBUK,SK1312MN,0.295,1
14,ESTRELLA DAMM|1/3|P24|KR02336,ESTRELLA DAMM|1/3|UNI|KR02610,C_pack,EX13LUKB,EXB13LTB,1.201,1
14,ESTRELLA DAMM|1/3|P24|KR02338,VOLL DAMM|1/3|UNI|KR00525,C_brand,EX13LTBA,VO13LTMN,0.0012,0
14,ESTRELLA DAMM|1/3|P6|KR02321,SKOL|1/3|RETR|KR80115,C_brand,EX13LP6S,SK1312MN,0.9033,1
14,ESTRELLA DAMM|1/3|P6|KR02335,ESTRELLA DAMM|1/3|P24|KR02338,C_pack,EX13LTP6,EX13LUKB,3.0311,1
14,ESTRELLA DAMM|1/3|P6|KR02335,FREE DAMM|1/3|UNI|KR00032,C_brand,EX13LTP6,FD136IN,2.4505,2
14,ESTRELLA DAMM|1/3|P6|KR02335,SKOL|1/3|RETR|KR80117,C_brand,EX13LTP6,SK1312MN,1.5602,1
14,ESTRELLA DAMM|1/3|P6|KR02335,"VICTORIA 0,0 TOSTADA|1/3|UNI|KR83602",C_brand,EX13LTP6,VNT13LT,2.5294,1
14,ESTRELLA DAMM|1/3|P6|KR02335,VOLL DAMM|1/3|UNI|KR00525,C_brand,EX13LTP6,VO13LTMN,0.808,1
14,ESTRELLA DAMM|1/3|UNI|KR00440,DAMM LEMON|1/3|UNI|KR00926,C_brand,ED13LTCW,DL13LTMN,0.4206,1
14,ESTRELLA DAMM|1/3|UNI|KR00440,ESTRELLA DAMM|1/3|UNI|KR00440,C0_self,ED13LCMM,ED13LCMW,1.5491,9
14,ESTRELLA DAMM|1/3|UNI|KR00440,ESTRELLA DAMM|1/3|UNI|KR00441,C_envase,ED13LCMW,ED13LTW,5.1825,10
14,ESTRELLA DAMM|1/3|UNI|KR00440,ESTRELLA LEVANTE|1/3|UNI|KR00342,C_brand,ED13LTCW,LC13LTNN,5.4192,1
14,ESTRELLA DAMM|1/3|UNI|KR00440,VOLL DAMM|1/3|P6|KR00525,C_brand,ED13LCMW,VO13L6M1,2.8225,5
14,ESTRELLA DAMM|1/3|UNI|KR00440,VOLL DAMM|1/3|UNI|KR00525,C_brand,ED13LCMM,VO13LTMN,0.9452,1
14,ESTRELLA DAMM|1/3|UNI|KR00441,ESTRELLA DAMM|1/3|P24|KR02332,C_pack,ED13LTMW,EX13LBUK,1.2342,1
14,ESTRELLA DAMM|1/3|UNI|KR00441,ESTRELLA DAMM|1/3|P6|KR02321,C_pack,ED13LTW,EX13LP6S,1.3123,1
14,ESTRELLA DAMM|1/3|UNI|KR00441,ESTRELLA DAMM|1/3|UNI|KR00440,C_envase,ED13LTW,ED13LCMM,1.7031,5
14,ESTRELLA DAMM|1/3|UNI|KR00441,ESTRELLA DAMM|1/3|UNI|KR00441,C0_self,ED13LTW,ED13LTW,1.3194,6
14,ESTRELLA DAMM|1/3|UNI|KR00441,ESTRELLA DAMM|1/3|UNI|KR00444,C_envase,ED13LTW,ED13LCMM,4.5754,1
14,ESTRELLA DAMM|1/3|UNI|KR00441,ESTRELLA DAMM|1/3|UNI|KR02337,C_envase,ED13LTW,EX1324BN,0.0017,0
14,ESTRELLA DAMM|1/3|UNI|KR00441,ESTRELLA DAMM|1/3|UNI|KR02610,C_envase,ED13LTW,EXB13LTB,1.9566,1
14,ESTRELLA DAMM|1/3|UNI|KR00441,ESTRELLA LEVANTE|1/3|UNI|KR00342,C_brand,ED13LTW,LC13LTNN,1.7989,1
14,ESTRELLA DAMM|1/3|UNI|KR00441,FREE DAMM LIMON|1/3|UNI|KR01818,C_brand,ED13LTMW,FDL13LN,2.4639,1
14,ESTRELLA DAMM|1/3|UNI|KR00441,SKOL|1/3|RETR|KR80115,C_brand,ED13LTMW,SK1312MN,0.8645,2
14,ESTRELLA DAMM|1/3|UNI|KR00441,SKOL|1/3|RETR|KR80116,C_brand,ED13LTMW,SK13L12,0.4197,1
14,ESTRELLA DAMM|1/3|UNI|KR00441,VICTORIA|1/3|P6|KR81115,C_brand,ED13LTW,VI13L6N,2.2439,3
14,ESTRELLA DAMM|1/3|UNI|KR00441,VOLL DAMM|1/3|P6|KR00525,C_brand,ED13LTMW,VO13LTP6,1.6007,1
14,ESTRELLA DAMM|1/3|UNI|KR00441,VOLL DAMM|1/3|UNI|KR00525,C_brand,ED13LTW,VO13LTMN,0.4242,2
14,ESTRELLA DAMM|1/3|UNI|KR00443,ESTRELLA DAMM|1/3|P6|KR02335,C_pack,ED13LTW,EX13LTP6,1.3754,2
14,ESTRELLA DAMM|1/3|UNI|KR00443,ESTRELLA DAMM|1/3|UNI|KR00443,C0_self,ED13LTW,ED13LTW,3.8255,5
14,ESTRELLA DAMM|1/3|UNI|KR00443,ESTRELLA DAMM|1/3|UNI|KR00444,C_envase,ED13LTW,ED13LCMW,7.7359,5
14,ESTRELLA DAMM|1/3|UNI|KR00443,ESTRELLA DAMM|1/3|UNI|KR00445,C_envase,ED13LTMW,ED13LTMY,3.8994,1
14,ESTRELLA DAMM|1/3|UNI|KR00443,ROSA BLANCA|1/3|UNI|KR03503,C_brand,ED13LTW,RB13LTN,1.2539,1
14,ESTRELLA DAMM|1/3|UNI|KR00443,SKOL|1/3|RETR|KR80117,C_brand,ED13LTMW,SK1312MN,0.6438,1
14,ESTRELLA DAMM|1/3|UNI|KR00443,VOLL DAMM|1/3|P6|KR00528,C_brand,ED13LTMW,VO13L6M1,3.9444,3
14,ESTRELLA DAMM|1/3|UNI|KR00443,VOLL DAMM|1/3|UNI|KR00528,C_brand,ED13LTMW,VO13LTMN,1.533,3
14,ESTRELLA DAMM|1/3|UNI|KR00444,EMD BRAU|1/3|P12|KR6BNEB9,C_brand,ED13LCMM,3BNEBL23,0.6412,3
14,ESTRELLA DAMM|1/3|UNI|KR00444,ESTRELLA DAMM|1/3|P6|KR02335,C_pack,ED13LCMM,EX13LTP6,1.3514,1
14,ESTRELLA DAMM|1/3|UNI|KR00444,ESTRELLA DAMM|1/3|UNI|KR00443,C_envase,ED13LCMW,ED13LTMW,1.5733,11
14,ESTRELLA DAMM|1/3|UNI|KR00444,ESTRELLA DAMM|1/3|UNI|KR00444,C0_self,ED13LCMM,ED13LCMW,2.0029,15
14,ESTRELLA DAMM|1/3|UNI|KR00444,KELER|1/3|UNI|KR80026,C_brand,ED13LTCW,KE13LBI,1.6803,1
14,ESTRELLA DAMM|1/3|UNI|KR00444,SKOL|1/3|RETR|KR80117,C_brand,ED13LCMW,SK1312MN,1.2025,2
14,ESTRELLA DAMM|1/3|UNI|KR00444,VOLL DAMM|1/3|P6|KR00528,C_brand,ED13LCMM,VO13L6M1,1.6342,1
14,ESTRELLA DAMM|1/3|UNI|KR00444,VOLL DAMM|1/3|UNI|KR00528,C_brand,ED13LCMM,VO13LTMN,4.5131,2
14,ESTRELLA DAMM|1/3|UNI|KR00445,ESTRELLA DAMM|1/3|P24|KR02338,C_pack,ED13LTMY,EX13LTBA,2.9476,1
14,ESTRELLA DAMM|1/3|UNI|KR02320,ESTRELLA DAMM|1/3|P24|KR02332,C_pack,EX13LBLN,EX13LBUK,3.2296,1
14,ESTRELLA DAMM|1/3|UNI|KR02337,ESTRELLA DAMM|1/3|P24|KR02338,C_pack,EX1324BN,EX13LTBA,2.2344,1
14,ESTRELLA DAMM|1/3|UNI|KR02337,SKOL|1/3|RETR|KR80116,C_brand,EX1324BN,SK1312MN,0.5597,1
14,ESTRELLA DAMM|1/3|UNI|KR02611,ESTRELLA DAMM|1/3|UNI|KR00444,C_envase,EXB13LBN,ED13LCMW,0.0009,0
14,ESTRELLA DAMM|1/3|UNI|KR02611,VOLL DAMM|1/3|P6|KR00528,C_brand,EXB13LBN,VO13L6M1,1.9597,1
14,ESTRELLA LEVANTE|1/3|UNI|KR00342,ESTRELLA DAMM|1/3|UNI|KR00441,C_brand,LC13LTNN,ED13LTMW,1.3909,1
14,ESTRELLA LEVANTE|1/3|UNI|KR00342,SKOL|1/3|RETR|KR80116,C_brand,LC13LTNN,SK1312MN,0.0426,1
14,ESTRELLA LEVANTE|1/3|UNI|KR00342,VOLL DAMM|1/3|P6|KR00528,C_brand,LC13LTNN,VO13LTP6,2.3927,1
14,ESTRELLA LEVANTE|1/3|UNI|KR00342,VOLL DAMM|1/3|UNI|KR00525,C_brand,LC13LTNN,VO13LTMN,1.2083,1
14,FREE DAMM LIMON|1/3|UNI|KR01819,SKOL|1/3|UNI|KR80117,C_brand,FDL13LN,SK13LN,1.0946,1
14,FREE DAMM TOSTADA|1/3|UNI|KR04806,FREE DAMM TOSTADA|1/3|UNI|KR04806,C0_self,FDT13LT,FDT13LT,0.9644,1
14,FREE DAMM|1/3|UNI|KR00032,VICTORIA|1/3|PACK|KR81114,C_brand,FD136IN,VI13L6AU,4.2453,1
14,FREE DAMM|1/3|UNI|KR00032,VOLL DAMM|1/3|P6|KR00525,C_brand,FD136IN,VO13L6M1,2.0306,1
14,KELER|1/3|UNI|KR80025,BOCK DAMM|1/3|UNI|KR02512,C_brand,KE13LBI,BO13LT,0.902,1
14,KELER|1/3|UNI|KR80025,ESTRELLA DAMM|1/3|UNI|KR00443,C_brand,KE13LTNN,ED13LTW,5.8489,2
14,KELER|1/3|UNI|KR80026,SKOL|1/3|RETR|KR80117,C_brand,KE13LBI,SK1312MN,2.4119,1
14,LA FRÍA|1/3|P24|KR6BNZF1,AURUM|1/3|P12|KR6BNAU7,C_brand,3BNZFLB1,3BNAULD1,0.0012,1
14,LA FRÍA|1/3|P24|KR6BNZF1,ESTRELLA DAMM|1/3|P6|KR02335,C_brand,3BNZFLB1,EX13LTP6,2.0429,1
14,LA FRÍA|1/3|P24|KR6BNZF1,ESTRELLA DAMM|1/3|UNI|KR00444,C_brand,3BNZFLB1,ED13LCMW,6.5161,2
14,LA FRÍA|1/3|P24|KR6BNZF1,FREE DAMM|1/3|UNI|KR00032,C_brand,3BNZFLB1,FD136IN,1.8394,1
14,LA FRÍA|1/3|P24|KR6BNZF1,RAMBLERS|1/3|P12|KR6BVRQ2,C_brand,3BNZFLB1,3BVRQLD0,1.0646,1
14,LA FRÍA|1/3|P24|KR6BNZF1,VICTORIA|1/3|P6|KR81115,C_brand,3BNZFLB1,VI13LP6M,0.0022,1
14,LA FRÍA|1/3|P24|KR6BNZF1,VOLL DAMM|1/3|P6|KR00525,C_brand,3BNZFLB1,VO13LTP6,0.8059,1
14,MARK SPENCER|1/3|UNI|KR61500,ESTRELLA DAMM|1/3|UNI|KR00444,C_brand,3BNMSLB0,ED13LCMM,1.3037,1
14,MARK SPENCER|1/3|UNI|KR61500,VOLL DAMM|1/3|P6|KR00528,C_brand,3BNMSLB0,VO13LTP6,1.6132,1
14,Molen|1/3|P24|KR6BNML5,ESTRELLA DAMM|1/3|UNI|KR00441,C_brand,3BVMLLB0,ED13LTMW,0.0014,0
14,RAMBLERS|1/3|P12|KR6BVRQ2,DAURA IPA|1/3|PACK|KR06900,C_brand,3BVRQLD0,DIP13L6U,1.7794,1
14,ROSA BLANCA|1/3|P12|KR03503,ESTRELLA DAMM|1/3|UNI|KR00444,C_brand,RB13L12N,ED13LTCW,1.4296,1
14,ROSA BLANCA|1/3|UNI|KR03503,ROSA BLANCA|1/3|P12|KR03503,C_pack,RB13LTN,RB13L12N,2.0521,1
14,SANTA ISABEL|1/3|P24|KR6BNIL1,ESTRELLA DAMM|1/3|UNI|KR00444,C_brand,3BNILLB1,ED13LCMM,2.8178,1
14,SKOL|1/3|RETR|KR80115,SKOL|1/3|RETR|KR80115,C0_self,SK1312MN,SK13L12,1.2062,3
14,SKOL|1/3|RETR|KR80115,VOLL DAMM|1/3|UNI|KR00525,C_brand,SK13L12,VO13LTMN,1.2035,1
14,SKOL|1/3|RETR|KR80116,ESTRELLA DAMM|1/3|UNI|KR00440,C_brand,SK13L12,ED13LCMM,0.3047,1
14,SKOL|1/3|RETR|KR80116,SKOL|1/3|RETR|KR80116,C0_self,SK1312MN,SK13L12,0.6912,1
14,SKOL|1/3|RETR|KR80116,VOLL DAMM|1/3|UNI|KR00525,C_brand,SK1312MN,VO13LTMN,0.5049,1
14,SKOL|1/3|RETR|KR80117,SKOL|1/3|RETR|KR80117,C0_self,SK1312MN,SK13L12,0.9428,4
14,SKOL|1/3|RETR|KR80117,TURIA STARK|1/3|UNI|KR01401,C_brand,SK13L12,TUP13LT,1.3387,1
14,SKOL|1/3|RETR|KR80117,VOLL DAMM|1/3|UNI|KR00528,C_brand,SK1312MN,VO13LTMN,2.0502,1
14,SKOL|1/3|UNI|KR80117,COMPLOT|1/3|UNI|KR05002,C_brand,SK13LN,CM13LT,0.3731,1
14,SKOL|1/3|UNI|KR80117,VOLL DAMM|1/3|P6|KR00528,C_brand,SK13LN,VO13L6M1,4.3251,1
14,SKOL|1/3|UNI|KR80117,VOLL DAMM|1/3|UNI|KR00528,C_brand,SK13LN,VO13LTMN,1.4819,1
14,TURIA MARZEN|1/3|UNI|KR00609,MARK SPENCER|1/3|UNI|KR61500,C_brand,TU13LTN,3BNMSLB0,1.54,1
14,TURIA STARK|1/3|UNI|KR01401,KELER|1/3|UNI|KR80025,C_brand,TUP13LT,KE13LTNN,1.3257,1
14,VICTORIA|1/3|P6|KR81115,ESTRELLA DAMM|1/3|P6|KR02321,C_brand,VI13LP6M,EX13LP6S,1.5646,1
14,VICTORIA|1/3|P6|KR81115,ESTRELLA DAMM|1/3|UNI|KR00440,C_brand,VI13L6N,ED13LCMM,2.6401,1
14,VICTORIA|1/3|P6|KR81115,SKOL|1/3|RETR|KR80115,C_brand,VI13LP6M,SK13L12,0.8147,1
14,VICTORIA|1/3|P6|KR81115,VICTORIA|1/3|P6|KR81115,C0_self,VI13L6N,VI13LP6M,2.7867,4
14,VICTORIA|1/3|P6|KR81115,VOLL DAMM|1/3|P6|KR00525,C_brand,VI13L6N,VO13L6M1,1.1247,2
14,VICTORIA|1/3|P6|KR81115,VOLL DAMM|1/3|UNI|KR00525,C_brand,VI13LP6M,VO13LTMN,1.2602,2
14,VICTORIA|1/3|PACK|KR81114,VOLL DAMM|1/3|UNI|KR00528,C_brand,VI13L6AU,VO13LTMN,2.3397,1
14,VICTORIA|1/3|UNI|KR81117,DAMM LEMON|1/3|UNI|KR00928,C_brand,VI13LTX,DL13LMPN,0.5182,1
14,VICTORIA|1/3|UNI|KR81117,SKOL|1/3|RETR|KR80116,C_brand,VI13LTX,SK1312MN,1.2054,1
14,VOLL DAMM|1/3|P6|KR00525,DAMM LEMON|1/3|UNI|KR00928,C_brand,VO13L6M1,DL13LMPN,1.1988,1
14,VOLL DAMM|1/3|P6|KR00525,DAURA|1/3|PACK|KR07000,C_brand,VO13LTP6,EC13LP6U,2.2235,1
14,VOLL DAMM|1/3|P6|KR00525,EMD BRAU|1/3|P12|KR6BNEB9,C_brand,VO13L6M1,3BNEBL23,1.457,2
14,VOLL DAMM|1/3|P6|KR00525,ESTRELLA DAMM|1/3|UNI|KR00441,C_brand,VO13LTP6,ED13LTW,2.0108,3
14,VOLL DAMM|1/3|P6|KR00525,SKOL|1/3|RETR|KR80115,C_brand,VO13L6M1,SK1312MN,0.8517,1
14,VOLL DAMM|1/3|P6|KR00525,VOLL DAMM|1/3|UNI|KR00525,C_pack,VO13L6M1,VO13LTMN,2.2983,3
14,VOLL DAMM|1/3|P6|KR00525,XIBECA|1/3|UNI|KR00716,C_brand,VO13LTP6,XI13LTN,6.2465,1
14,VOLL DAMM|1/3|P6|KR00528,ESTRELLA DAMM|1/3|UNI|KR00443,C_brand,VO13LTP6,ED13LTMW,4.1903,4
14,VOLL DAMM|1/3|P6|KR00528,ESTRELLA DAMM|1/3|UNI|KR00444,C_brand,VO13LTP6,ED13LCMW,4.6003,1
14,VOLL DAMM|1/3|P6|KR00528,ORO|1/3|UNI|KR82703,C_brand,VO13LTP6,OL13LTN,1.0326,1
14,VOLL DAMM|1/3|P6|KR00528,VOLL DAMM|1/3|P6|KR00528,C0_self,VO13L6M1,VO13LTP6,2.7621,5
14,VOLL DAMM|1/3|P6|KR00528,VOLL DAMM|1/3|UNI|KR00528,C_pack,VO13L6M1,VO13LTMN,1.4881,5
14,VOLL DAMM|1/3|UNI|KR00525,ESTRELLA DAMM|1/3|P24|KR02336,C_brand,VO13LTMN,EX13LUKB,5.5758,1
14,VOLL DAMM|1/3|UNI|KR00525,ESTRELLA DAMM|1/3|UNI|KR00440,C_brand,VO13LTMN,ED13LCMM,2.9881,2
14,VOLL DAMM|1/3|UNI|KR00525,ESTRELLA DAMM|1/3|UNI|KR00441,C_brand,VO13LTMN,ED13LTW,0.5556,2
14,VOLL DAMM|1/3|UNI|KR00525,VICTORIA|1/3|P6|KR81115,C_brand,VO13LTNN,VI13L6N,5.9625,1
14,VOLL DAMM|1/3|UNI|KR00525,VICTORIA|1/3|PACK|KR81114,C_brand,VO13LTMN,VI13L6AU,0.9912,1
14,VOLL DAMM|1/3|UNI|KR00525,VOLL DAMM|1/3|P6|KR00525,C_pack,VO13LTMN,VO13LTP6,1.492,2
14,VOLL DAMM|1/3|UNI|KR00528,ESTRELLA DAMM|1/3|UNI|KR00444,C_brand,VO13LTMN,ED13LTCW,0.6393,1
14,VOLL DAMM|1/3|UNI|KR00528,VICTORIA|1/3|UNI|KR81117,C_brand,VO13LTMN,VI13LTX,3.6085,1
14,VOLL DAMM|1/3|UNI|KR00528,VOLL DAMM|1/3|P6|KR00528,C_pack,VO13LTMN,VO13LTP6,2.426,5
14,VOLL DAMM|1/3|UNI|KR00528,VOLL DAMM|1/3|UNI|KR00528,C0_self,VO13LTMN,VO13LTNN,1.1501,2
14,XIBECA|1/3|UNI|KR00716,ESTRELLA DAMM|1/3|UNI|KR00440,C_brand,XI13LTN,ED13LCMW,1.8666,2
17,BOCK DAMM|1/3|UNI|KR02511,CARLSBERG|1/3|P12|KR04503,C_brand,BO13LT,CB13L12P,0.8008,1
17,BOCK DAMM|1/3|UNI|KR02511,ORO|1/3|UNI|KR82703,C_brand,BO13LT,OL13LTN,0.0012,0
17,BOCK DAMM|1/3|UNI|KR02512,CARLSBERG|1/3|UNI|KR04503,C_brand,BO13LT,CB13LTN,1.25,1
17,CARLSBERG|1/3|P12|KR04503,CARLSBERG|1/3|UNI|KR04503,C_pack,CB13L12P,CB13LTN,0.8388,1
17,CARLSBERG|1/3|P12|KR04503,ESTRELLA DAMM|1/3|P24|KR00443,C_brand,CB13L12P,ED13P24M,0.5699,1
17,CARLSBERG|1/3|P12|KR04503,FREE DAMM LIMON|1/3|UNI|KR01819,C_brand,CB13L12P,FDL13LN,2.1676,1
17,CARLSBERG|1/3|P12|KR04503,FREE DAMM TOSTADA|1/3|PACK|KR04806,C_brand,CB13L12P,FDT1312N,0.4228,1
17,CARLSBERG|1/3|P12|KR04503,SKOL|1/3|UNI|KR80117,C_brand,CB13L12P,SK13LN,2.7813,1
17,CARLSBERG|1/3|UNI|KR04503,BOCK DAMM|1/3|UNI|KR02511,C_brand,CB13LTN,BO13LT,0.7788,1
17,CARLSBERG|1/3|UNI|KR04503,COMPLOT|1/3|UNI|KR05002,C_brand,CB13LTN,CM13LT,0.8193,2
17,CARLSBERG|1/3|UNI|KR04503,DAMM LEMON|1/3|UNI|KR00928,C_brand,CB13LTN,DL13LT,1.9227,3
17,CARLSBERG|1/3|UNI|KR04503,DAURA|1/3|UNI|KR02207,C_brand,CB13LTN,EC13LTNN,1.0299,2
17,CARLSBERG|1/3|UNI|KR04503,DAURA|1/3|UNI|KR02209,C_brand,CB13LTN,EC13LTNN,1.3517,1
17,CARLSBERG|1/3|UNI|KR04503,ESTRELLA DAMM|1/3|P24|KR00443,C_brand,CB13LTN,ED1324MZ,1.496,1
17,CARLSBERG|1/3|UNI|KR04503,ESTRELLA DAMM|1/3|UNI|KR00443,C_brand,CB13LTN,ED13LTW,0.9485,1
17,CARLSBERG|1/3|UNI|KR04503,FREE DAMM LIMON|1/3|UNI|KR01819,C_brand,CB13LTN,FDL13LN,2.3612,2
17,CARLSBERG|1/3|UNI|KR04503,FREE DAMM TOSTADA|1/3|PACK|KR04806,C_brand,CB13LTN,FDT1312N,0.5086,1
17,CARLSBERG|1/3|UNI|KR04503,FREE DAMM|1/3|UNI|KR00036,C_brand,CB13LTN,FD13LN,2.9973,2
17,CARLSBERG|1/3|UNI|KR04503,FREE DAMM|1/3|UNI|KR00038,C_brand,CB13LTN,FD13LTNN,2.8081,1
17,CARLSBERG|1/3|UNI|KR04503,"VICTORIA 0,0 TOSTADA|1/3|UNI|KR83601",C_brand,CB13LTN,VNT13LT,0.6281,1
17,COMPLOT|1/3|UNI|KR05002,DAMM LEMON|1/3|PACK|KR00926,C_brand,CM13LT,DL13LT12,0.4326,1
17,COMPLOT|1/3|UNI|KR05002,DAMM LEMON|1/3|UNI|KR00926,C_brand,CM13LT,DL13LN,2.1376,3
17,COMPLOT|1/3|UNI|KR05002,ESTRELLA DAMM|1/3|P12|KR00441,C_brand,CM13LT,ED13LP12,0.944,1
17,COMPLOT|1/3|UNI|KR05002,ESTRELLA DAMM|1/3|UNI|KR00444,C_brand,CM13LT,ED13LTCW,11.7331,1
17,COMPLOT|1/3|UNI|KR05002,FREE DAMM|1/3|UNI|KR00036,C_brand,CM13LT,FD13LN,3.2847,1
17,COMPLOT|1/3|UNI|KR05002,FREE DAMM|1/3|UNI|KR00038,C_brand,CM13LT,FD13LTNN,2.4323,1
17,COMPLOT|1/3|UNI|KR05003,DAMM LEMON|1/3|UNI|KR00928,C_brand,CM13LT,DL13LT,2.7406,1
17,DAMM LEMON|1/3|PACK|KR00926,DAURA|1/3|UNI|KR02207,C_brand,DL13LT12,EC13LTNN,1.326,1
17,DAMM LEMON|1/3|PACK|KR00928,FREE DAMM|1/3|PACK|KR00038,C_brand,DL1312NN,FD13LP12,1.6029,1
17,DAMM LEMON|1/3|UNI|KR00924,DAURA|1/3|UNI|KR02207,C_brand,DL13LN,EC13LTNN,1.0227,2
17,DAMM LEMON|1/3|UNI|KR00924,ESTRELLA DAMM|1/3|P24|KR00441,C_brand,DL13LN,ED13LP24,0.9772,2
17,DAMM LEMON|1/3|UNI|KR00924,FREE DAMM LIMON|1/3|UNI|KR01818,C_brand,DL13LN,FDL13LN,0.7898,1
17,DAMM LEMON|1/3|UNI|KR00924,VOLL DAMM|1/3|UNI|KR00525,C_brand,DL13LN,VO13LTNN,0.0738,1
17,DAMM LEMON|1/3|UNI|KR00924,XIBECA|1/3|P24|KR00716,C_brand,DL13LN,XI13P24M,0.3978,1
17,DAMM LEMON|1/3|UNI|KR00926,BOCK DAMM|1/3|UNI|KR02512,C_brand,DL13LN,BO13LT,1.5981,1
17,DAMM LEMON|1/3|UNI|KR00926,ESTRELLA DAMM|1/3|P24|KR00441,C_brand,DL13LN,ED13LP24,0.515,2
17,DAMM LEMON|1/3|UNI|KR00926,ESTRELLA DAMM|1/3|UNI|KR00440,C_brand,DL13LN,ED13LTCW,2.0802,2
17,DAMM LEMON|1/3|UNI|KR00926,ESTRELLA DAMM|1/3|UNI|KR00441,C_brand,DL13LN,ED13LTW,1.1548,1
17,DAMM LEMON|1/3|UNI|KR00926,FREE DAMM|1/3|UNI|KR00036,C_brand,DL13LN,FD13LN,2.6483,2
17,DAMM LEMON|1/3|UNI|KR00928,DAURA|1/3|UNI|KR02209,C_brand,DL13LT,EC13LTNN,0.5154,2
17,DAMM LEMON|1/3|UNI|KR00928,ESTRELLA DAMM|1/3|P24|KR00443,C_brand,DL13LT,ED1324MZ,1.5619,2
17,DAMM LEMON|1/3|UNI|KR00928,ESTRELLA DAMM|1/3|UNI|KR00444,C_brand,DL13LT,ED13LTCW,2.4116,3
17,DAMM LEMON|1/3|UNI|KR00928,FREE DAMM LIMON|1/3|UNI|KR01819,C_brand,DL13LT,FDL13LN,0.5605,2
17,DAMM LEMON|1/3|UNI|KR00928,FREE DAMM TOSTADA|1/3|UNI|KR04806,C_brand,DL13LT,FDT13LT,1.811,1
17,DAMM LEMON|1/3|UNI|KR00928,FREE DAMM|1/3|PACK|KR00038,C_brand,DL13LT,FD13LP12,0.7153,1
17,DAMM LEMON|1/3|UNI|KR00928,FREE DAMM|1/3|UNI|KR00036,C_brand,DL13LT,FD13LN,0.1114,0
17,DAMM LEMON|1/3|UNI|KR00928,FREE DAMM|1/3|UNI|KR00038,C_brand,DL13LT,FD13LTNN,2.2143,2
17,DAMM LEMON|1/3|UNI|KR00928,VOLL DAMM|1/3|UNI|KR00528,C_brand,DL13LT,VO13LTFN,0.6614,1
17,DAMM LEMON|1/3|UNI|KR00928,XIBECA|1/3|UNI|KR00716,C_brand,DL13LT,XI13LTN,3.3244,1
17,DAURA|1/3|UNI|KR02207,ESTRELLA DAMM|1/3|P12|KR00441,C_brand,EC13LTNN,ED1312MZ,1.0037,1
17,DAURA|1/3|UNI|KR02207,ESTRELLA DAMM|1/3|P24|KR00441,C_brand,EC13LTNN,ED13LP24,0.5997,2
17,DAURA|1/3|UNI|KR02207,ESTRELLA DAMM|1/3|UNI|KR00440,C_brand,EC13LTNN,ED13LTCW,1.6181,3
17,DAURA|1/3|UNI|KR02207,ESTRELLA DAMM|1/3|UNI|KR00441,C_brand,EC13LTNN,ED13LTFW,0.4641,2
17,DAURA|1/3|UNI|KR02207,VOLL DAMM|1/3|P12|KR00525,C_brand,EC13LTNN,VO13PL12,2.2308,1
17,DAURA|1/3|UNI|KR02209,DAURA|1/3|UNI|KR02209,C0_self,EC13LFN,EC13LTNN,2.706,2
17,DAURA|1/3|UNI|KR02209,ESTRELLA DAMM|1/3|P12|KR00443,C_brand,EC13LTNN,ED1312MZ,0.0006,1
17,DAURA|1/3|UNI|KR02209,ESTRELLA DAMM|1/3|P24|KR00443,C_brand,EC13LTNN,ED13LP24,2.815,1
17,DAURA|1/3|UNI|KR02209,ESTRELLA DAMM|1/3|UNI|KR00443,C_brand,EC13LTNN,ED13LTFW,0.4001,2
17,DAURA|1/3|UNI|KR02209,ESTRELLA DAMM|1/3|UNI|KR00444,C_brand,EC13LTNN,ED13LTCW,5.5146,3
17,DAURA|1/3|UNI|KR02209,SKOL|1/3|UNI|KR80117,C_brand,EC13LTNN,SK13LN,2.251,1
17,ESTRELLA DAMM|1/3|P12|KR00441,ESTRELLA DAMM|1/3|P12|KR00441,C0_self,ED13LP12,ED13LP12,1.1238,8
17,ESTRELLA DAMM|1/3|P12|KR00441,ESTRELLA DAMM|1/3|P24|KR00441,C_pack,ED13LP12,ED13LP24,1.1791,2
17,ESTRELLA DAMM|1/3|P12|KR00441,ESTRELLA DAMM|1/3|UNI|KR00440,C_pack,ED13LP12,ED13LTCW,2.156,2
17,ESTRELLA DAMM|1/3|P12|KR00441,ESTRELLA DAMM|1/3|UNI|KR00441,C_pack,ED1312MZ,ED13LTW,0.2505,6
17,ESTRELLA DAMM|1/3|P12|KR00441,FREE DAMM TOSTADA|1/3|UNI|KR04806,C_brand,ED1312MZ,FDT13LT,1.3596,2
17,ESTRELLA DAMM|1/3|P12|KR00441,FREE DAMM|1/3|PACK|KR00038,C_brand,ED13P12M,FD13LP12,0.7118,1
17,ESTRELLA DAMM|1/3|P12|KR00441,FREE DAMM|1/3|UNI|KR00036,C_brand,ED13P12M,FD13LN,2.0495,1
17,ESTRELLA DAMM|1/3|P12|KR00441,ROSA BLANCA|1/3|UNI|KR03502,C_brand,ED13LP12,RB13LTN,0.002,0
17,ESTRELLA DAMM|1/3|P12|KR00441,VOLL DAMM|1/3|PACK|KR00525,C_brand,ED13LP12,VO13LP24,1.1087,1
17,ESTRELLA DAMM|1/3|P12|KR00443,ESTRELLA DAMM|1/3|P12|KR00443,C0_self,ED13LP12,ED13LP12,1.8468,7
17,ESTRELLA DAMM|1/3|P12|KR00443,ESTRELLA DAMM|1/3|P12|KR02335,C_envase,ED13LP12,EX13L12H,0.2612,1
17,ESTRELLA DAMM|1/3|P12|KR00443,ESTRELLA DAMM|1/3|P24|KR00443,C_pack,ED1312MZ,ED13LP24,0.0005,2
17,ESTRELLA DAMM|1/3|P12|KR00443,ESTRELLA DAMM|1/3|P24|KR02337,C_pack,ED13P12M,EX13LTIB,0.5533,1
17,ESTRELLA DAMM|1/3|P12|KR00443,ESTRELLA DAMM|1/3|UNI|KR00443,C_pack,ED13LP12,ED13LTW,0.9731,2
17,ESTRELLA DAMM|1/3|P12|KR00443,ESTRELLA DAMM|1/3|UNI|KR00444,C_pack,ED13P12M,ED13LTCW,2.3904,1
17,ESTRELLA DAMM|1/3|P12|KR00443,FREE DAMM|1/3|UNI|KR00038,C_brand,ED13P12M,FD13LTNN,1.3868,2
17,ESTRELLA DAMM|1/3|P12|KR00443,XIBECA|1/3|UNI|KR00719,C_brand,ED13P12M,XI13LTN,2.0646,1
17,ESTRELLA DAMM|1/3|P12|KR02335,ESTRELLA DAMM|1/3|P12|KR02344,C_envase,EX13L12H,EX13LH12,0.5051,0
17,ESTRELLA DAMM|1/3|P12|KR02335,ESTRELLA DAMM|1/3|UNI|KR02609,C_pack,EX13L12H,P03A2025,0.6131,1
17,ESTRELLA DAMM|1/3|P12|KR02344,VOLL DAMM|1/3|P12|KR00528,C_brand,EX13LH12,VO13P12M,0.9772,1
17,ESTRELLA DAMM|1/3|P24|KR00441,ESTRELLA DAMM|1/3|P12|KR00441,C_pack,ED13LP24,ED13P12M,0.8678,1
17,ESTRELLA DAMM|1/3|P24|KR00441,ESTRELLA DAMM|1/3|P24|KR00441,C0_self,ED13LP24,ED13P24M,1.0408,4
17,ESTRELLA DAMM|1/3|P24|KR00441,ESTRELLA DAMM|1/3|UNI|KR00441,C_pack,ED13LP24,ED13LTFW,0.3425,2
17,ESTRELLA DAMM|1/3|P24|KR00441,ESTRELLA LEVANTE|1/3|UNI|KR00342,C_brand,ED13P24M,LC13LTNN,0.7119,1
17,ESTRELLA DAMM|1/3|P24|KR00441,FREE DAMM LIMON|1/3|PACK|KR01818,C_brand,ED13P24M,FDL13L12,0.4743,1
17,ESTRELLA DAMM|1/3|P24|KR00441,FREE DAMM LIMON|1/3|UNI|KR01818,C_brand,ED13P24M,FDL13LN,1.8275,1
17,ESTRELLA DAMM|1/3|P24|KR00441,FREE DAMM TOSTADA|1/3|UNI|KR04806,C_brand,ED13P24M,FDT13LT,1.2443,2
17,ESTRELLA DAMM|1/3|P24|KR00441,FREE DAMM|1/3|UNI|KR00036,C_brand,ED13P24M,FD13LN,0.4869,3
17,ESTRELLA DAMM|1/3|P24|KR00441,ORO|1/3|UNI|KR82703,C_brand,ED13P24M,OL13LTN,1.3948,1
17,ESTRELLA DAMM|1/3|P24|KR00441,TURIA MARZEN 0'0 TOSTADA|1/3|UNI|KR07200,C_brand,ED13P24M,TNT13LT,0.9269,1
17,ESTRELLA DAMM|1/3|P24|KR00441,TURIA MARZEN|1/3|PACK|KR00607,C_brand,ED13P24M,TU13LP12,0.3755,1
17,ESTRELLA DAMM|1/3|P24|KR00441,XIBECA|1/3|UNI|KR00716,C_brand,ED13LP24,XI13LTN,1.779,1
17,ESTRELLA DAMM|1/3|P24|KR00443,CARLSBERG|1/3|UNI|KR04503,C_brand,ED13P24M,CB13LTN,1.8523,1
17,ESTRELLA DAMM|1/3|P24|KR00443,DAURA|1/3|UNI|KR02209,C_brand,ED13P24M,EC13LFN,1.1079,2
17,ESTRELLA DAMM|1/3|P24|KR00443,ESTRELLA DAMM|1/3|P12|KR00443,C_pack,ED13LP24,ED13P12M,0.9163,2
17,ESTRELLA DAMM|1/3|P24|KR00443,ESTRELLA DAMM|1/3|P24|KR00443,C0_self,ED13LP24,ED13P24M,0.6933,2
17,ESTRELLA DAMM|1/3|P24|KR00443,ESTRELLA DAMM|1/3|UNI|KR00443,C_pack,ED13LP24,ED13LTW,2.2468,7
17,ESTRELLA DAMM|1/3|P24|KR00443,FREE DAMM LIMON|1/3|UNI|KR01818,C_brand,ED1324MZ,FDL13LN,0.6228,2
17,ESTRELLA DAMM|1/3|P24|KR00443,FREE DAMM LIMON|1/3|UNI|KR01819,C_brand,ED13P24M,FDL13LN,3.0538,3
17,ESTRELLA DAMM|1/3|P24|KR00443,FREE DAMM|1/3|UNI|KR00038,C_brand,ED13P24M,FD13LTNN,0.7348,1
17,ESTRELLA DAMM|1/3|P24|KR00443,KELER|1/3|UNI|KR80025,C_brand,ED13LP24,KE13LTNN,1.4037,1
17,ESTRELLA DAMM|1/3|P24|KR00443,"VICTORIA 0,0 TOSTADA|1/3|UNI|KR83601",C_brand,ED13LP24,VNT13LT,0.0392,0
17,ESTRELLA DAMM|1/3|P24|KR00443,VOLL DAMM|1/3|PACK|KR00528,C_brand,ED13P24M,VO1324M9,0.874,1
17,ESTRELLA DAMM|1/3|P24|KR02337,ROSA BLANCA|1/3|UNI|KR05802,C_brand,EX13LTIB,RL13LBAN,1.0394,1
17,ESTRELLA DAMM|1/3|PACK|KR00443,VOLL DAMM|1/3|UNI|KR00528,C_brand,ED13LP9,VO13LTNN,0.1573,1
17,ESTRELLA DAMM|1/3|UNI|KR00440,CARLSBERG|1/3|UNI|KR04503,C_brand,ED13LTCW,CB13LTN,1.0015,1
17,ESTRELLA DAMM|1/3|UNI|KR00440,COMPLOT|1/3|UNI|KR05002,C_brand,ED13LCMW,CM13LT,0.8467,1
17,ESTRELLA DAMM|1/3|UNI|KR00440,ESTRELLA DAMM|1/3|P12|KR00441,C_pack,ED13LTCW,ED13P12M,3.6403,1
17,ESTRELLA DAMM|1/3|UNI|KR00440,ESTRELLA DAMM|1/3|UNI|KR00440,C0_self,ED13LCMM,ED13LCMW,1.0872,1
17,ESTRELLA DAMM|1/3|UNI|KR00440,ESTRELLA DAMM|1/3|UNI|KR00441,C_envase,ED13LTCW,ED13LTFW,0.8154,4
17,ESTRELLA DAMM|1/3|UNI|KR00440,FREE DAMM|1/3|UNI|KR00036,C_brand,ED13LTCW,FD13LN,2.0113,1
17,ESTRELLA DAMM|1/3|UNI|KR00441,ESTRELLA DAMM|1/3|P12|KR00441,C_pack,ED13LTW,ED13LP12,2.0958,4
17,ESTRELLA DAMM|1/3|UNI|KR00441,ESTRELLA DAMM|1/3|P24|KR00441,C_pack,ED13LTW,ED13P24M,0.6201,7
17,ESTRELLA DAMM|1/3|UNI|KR00441,ESTRELLA DAMM|1/3|UNI|KR00441,C0_self,ED13LTFW,ED13LTW,1.7971,6
17,ESTRELLA DAMM|1/3|UNI|KR00441,FREE DAMM LIMON|1/3|UNI|KR01818,C_brand,ED13LTW,FDL13LN,1.3964,3
17,ESTRELLA DAMM|1/3|UNI|KR00441,FREE DAMM TOSTADA|1/3|UNI|KR04806,C_brand,ED13LTFW,FDT13LT,1.3354,2
17,ESTRELLA DAMM|1/3|UNI|KR00441,FREE DAMM|1/3|UNI|KR00036,C_brand,ED13LTW,FD13LN,1.9779,2
17,ESTRELLA DAMM|1/3|UNI|KR00441,KELER|1/3|P12|KR80025,C_brand,ED13LTW,KE13PL12,1.0747,1
17,ESTRELLA DAMM|1/3|UNI|KR00441,TURIA MARZEN|1/3|PACK|KR00607,C_brand,ED13LTFW,TU13LP12,1.0336,2
17,ESTRELLA DAMM|1/3|UNI|KR00441,TURIA MARZEN|1/3|UNI|KR00607,C_brand,ED13LTW,TU13LTN,2.7012,2
17,ESTRELLA DAMM|1/3|UNI|KR00441,VOLL DAMM|1/3|PACK|KR00525,C_brand,ED13LTMW,VO13LP24,1.6873,1
17,ESTRELLA DAMM|1/3|UNI|KR00441,XIBECA|1/3|P24|KR00716,C_brand,ED13LTFW,XI13P24F,0.9074,1
17,ESTRELLA DAMM|1/3|UNI|KR00442,FREE DAMM TOSTADA|1/3|UNI|KR04806,C_brand,ED13LTZT,FDT13LT,1.0615,1
17,ESTRELLA DAMM|1/3|UNI|KR00442,LEVANTE SIN TOSTADA|1/3|UNI|KR04103,C_brand,ED13LTZT,LST13LTN,0.8014,1
17,ESTRELLA DAMM|1/3|UNI|KR00443,CARLSBERG|1/3|UNI|KR04503,C_brand,ED13LTW,CB13LTN,0.375,1
17,ESTRELLA DAMM|1/3|UNI|KR00443,ESTRELLA DAMM|1/3|P12|KR00443,C_pack,ED13LTW,ED13P12M,3.6032,4
17,ESTRELLA DAMM|1/3|UNI|KR00443,ESTRELLA DAMM|1/3|P24|KR00441,C_pack,ED13LTW,ED13P24M,0.9803,1
17,ESTRELLA DAMM|1/3|UNI|KR00443,ESTRELLA DAMM|1/3|P24|KR00443,C_pack,ED13LTW,ED13P24M,0.4742,7
17,ESTRELLA DAMM|1/3|UNI|KR00443,ESTRELLA DAMM|1/3|UNI|KR00443,C0_self,ED13LTFW,ED13LTW,2.0801,8
17,ESTRELLA DAMM|1/3|UNI|KR00443,FREE DAMM TOSTADA|1/3|UNI|KR04806,C_brand,ED13LTW,FDT13LT,3.1101,1
17,ESTRELLA DAMM|1/3|UNI|KR00443,FREE DAMM|1/3|UNI|KR00038,C_brand,ED13LTW,FD13LTNN,2.3885,6
17,ESTRELLA DAMM|1/3|UNI|KR00443,KELER|1/3|UNI|KR80025,C_brand,ED13LTW,KE13LTNN,1.3591,1
17,ESTRELLA DAMM|1/3|UNI|KR00443,ROSA BLANCA|1/3|P12|KR03503,C_brand,ED13LTW,RB13L12N,1.2347,1
17,ESTRELLA DAMM|1/3|UNI|KR00443,SKOL|1/3|UNI|KR80116,C_brand,ED13LTFW,SK13LN,1.9384,2
17,ESTRELLA DAMM|1/3|UNI|KR00443,VICTORIA|1/3|UNI|KR81117,C_brand,ED13LTW,VI13LTX,2.2735,1
17,ESTRELLA DAMM|1/3|UNI|KR00444,BOCK DAMM|1/3|UNI|KR02512,C_brand,ED13LTCW,BO13LT,2.0188,1
17,ESTRELLA DAMM|1/3|UNI|KR00444,CARLSBERG|1/3|UNI|KR04503,C_brand,ED13LTCW,CB13LTN,0.7656,2
17,ESTRELLA DAMM|1/3|UNI|KR00444,DAURA|1/3|UNI|KR02209,C_brand,ED13LTCW,EC13LTNN,0.8281,1
17,ESTRELLA DAMM|1/3|UNI|KR00444,ESTRELLA DAMM|1/3|P24|KR00443,C_pack,ED13LTCW,ED13LP24,1.285,2
17,ESTRELLA DAMM|1/3|UNI|KR00444,ESTRELLA DAMM|1/3|UNI|KR00443,C_envase,ED13LTCW,ED13LTW,3.4342,6
17,ESTRELLA DAMM|1/3|UNI|KR00444,ESTRELLA DAMM|1/3|UNI|KR00444,C0_self,ED13LTCW,ED13LTCW,2.5602,2
17,ESTRELLA DAMM|1/3|UNI|KR00444,FREE DAMM TOSTADA|1/3|UNI|KR04807,C_brand,ED13LTCW,FDT13LT,2.2883,1
17,ESTRELLA DAMM|1/3|UNI|KR00444,FREE DAMM|1/3|UNI|KR00038,C_brand,ED13LTCW,FD13LTNN,1.6649,1
17,ESTRELLA DAMM|1/3|UNI|KR00444,KELER|1/3|UNI|KR80025,C_brand,ED13LTCW,KE13LTNN,1.2523,1
17,ESTRELLA DAMM|1/3|UNI|KR00444,SKOL|1/3|UNI|KR80116,C_brand,ED13LTCW,SK13LN,0.2561,1
17,ESTRELLA DAMM|1/3|UNI|KR00444,VOLL DAMM|1/3|UNI|KR00528,C_brand,ED13LTCW,VO13LTNN,2.0614,1
17,ESTRELLA DAMM|1/3|UNI|KR02609,TURIA MARZEN|1/3|PACK|KR00607,C_brand,EX13L12K,TU13LP12,0.8111,1
17,ESTRELLA LEVANTE|1/3|P24|KR00339,XIBECA|1/3|P12|KR00716,C_brand,LC13L24,XI13L12M,0.9244,1
17,ESTRELLA LEVANTE|1/3|UNI|KR00339,DAMM LEMON|1/3|UNI|KR00926,C_brand,LC13LTNN,DL13LN,2.4388,1
17,ESTRELLA LEVANTE|1/3|UNI|KR00339,ROSA BLANCA|1/3|UNI|KR05802,C_brand,LC13LTNN,RL13LBAN,1.8293,1
17,ESTRELLA LEVANTE|1/3|UNI|KR00339,TURIA MARZEN|1/3|UNI|KR00607,C_brand,LC13LTNN,TU13LTN,2.8519,1
17,ESTRELLA LEVANTE|1/3|UNI|KR00342,CARLSBERG|1/3|UNI|KR04503,C_brand,LC13LTNN,CB13LTN,3.718,1
17,ESTRELLA LEVANTE|1/3|UNI|KR00342,XIBECA|1/3|P24|KR00716,C_brand,LC13LTNN,XI13P24M,0.5885,1
17,ESTRELLA LEVANTE|1/3|UNI|KR00342,XIBECA|1/3|UNI|KR00719,C_brand,LC13LTNN,XI13LTN,1.3789,1
17,ESTRELLA LEVANTE|1/3|UNI|KR00343,DAURA|1/3|UNI|KR02209,C_brand,LC13LTNN,EC13LTNN,0.8544,1
17,ESTRELLA LEVANTE|1/3|UNI|KR00343,LEVANTE SIN TOSTADA|1/3|UNI|KR04105,C_brand,LC13LTNN,LST13LTN,1.1526,1
17,ESTRELLA LEVANTE|1/3|UNI|KR00343,SKOL|1/3|UNI|KR80117,C_brand,LC13LTNN,SK13LN,1.4859,2
17,FREE DAMM LIMON|1/3|UNI|KR01818,DAMM LEMON|1/3|UNI|KR00924,C_brand,FDL13LN,DL13LN,1.8776,1
17,FREE DAMM LIMON|1/3|UNI|KR01818,ESTRELLA DAMM|1/3|P24|KR00441,C_brand,FDL13LN,ED13LP24,1.0734,1
17,FREE DAMM LIMON|1/3|UNI|KR01818,FREE DAMM TOSTADA|1/3|UNI|KR04806,C_brand,FDL13LN,FDT13LT,1.0006,2
17,FREE DAMM LIMON|1/3|UNI|KR01818,FREE DAMM TOSTADA|1/3|UNI|KR04807,C_brand,FDL13LN,FDT13LT,2.0331,2
17,FREE DAMM LIMON|1/3|UNI|KR01818,KELER NON ALCOHOLIC|1/3|UNI|KR83500,C_brand,FDL13LN,KNT13LT,0.9575,1
17,FREE DAMM LIMON|1/3|UNI|KR01818,KELER|1/3|UNI|KR80025,C_brand,FDL13LN,KE13LTNN,0.0014,1
17,FREE DAMM LIMON|1/3|UNI|KR01818,ROSA BLANCA|1/3|UNI|KR03502,C_brand,FDL13LN,RB13LTN,1.077,2
17,FREE DAMM LIMON|1/3|UNI|KR01819,ESTRELLA DAMM|1/3|P12|KR00441,C_brand,FDL13LN,ED1312MZ,0.3947,1
17,FREE DAMM LIMON|1/3|UNI|KR01819,FREE DAMM TOSTADA|1/3|UNI|KR04806,C_brand,FDL13LN,FDT13LT,1.1957,5
17,FREE DAMM LIMON|1/3|UNI|KR01819,KELER|1/3|UNI|KR80025,C_brand,FDL13LN,KE13LTNN,1.2359,5
17,FREE DAMM LIMON|1/3|UNI|KR01819,ROSA BLANCA|1/3|P12|KR03503,C_brand,FDL13LN,RB13L12N,0.4913,1
17,FREE DAMM LIMON|1/3|UNI|KR01819,ROSA BLANCA|1/3|UNI|KR03503,C_brand,FDL13LN,RB13LTN,1.9015,1
17,FREE DAMM LIMON|1/3|UNI|KR01819,TURIA MARZEN|1/3|UNI|KR00607,C_brand,FDL13LN,TU13LTN,2.3018,2
17,FREE DAMM LIMON|1/3|UNI|KR01819,"VICTORIA 0,0 TOSTADA|1/3|UNI|KR83601",C_brand,FDL13LN,VNT13LT,1.1352,1
17,FREE DAMM TOSTADA|1/3|PACK|KR04806,ESTRELLA LEVANTE|1/3|P24|KR00339,C_brand,FDT1312N,LC13L24,0.5686,1
17,FREE DAMM TOSTADA|1/3|PACK|KR04806,ROSA BLANCA|1/3|P12|KR03502,C_brand,FDT1312N,RB13L12N,0.7366,0
17,FREE DAMM TOSTADA|1/3|UNI|KR04806,ESTRELLA DAMM|1/3|UNI|KR00441,C_brand,FDT13LT,ED13LTFW,0.4981,1
17,FREE DAMM TOSTADA|1/3|UNI|KR04806,ESTRELLA LEVANTE|1/3|UNI|KR00343,C_brand,FDT13LT,LC13LTNN,4.878,3
17,FREE DAMM TOSTADA|1/3|UNI|KR04806,KELER NON ALCOHOLIC|1/3|UNI|KR83500,C_brand,FDT13LT,KNT13LT,1.1472,2
17,FREE DAMM TOSTADA|1/3|UNI|KR04806,KELER|1/3|P12|KR80024,C_brand,FDT13LT,KE13PL12,0.6514,1
17,FREE DAMM TOSTADA|1/3|UNI|KR04806,KELER|1/3|P12|KR80025,C_brand,FDT13LT,KE13PL12,0.2038,1
17,FREE DAMM TOSTADA|1/3|UNI|KR04806,KELER|1/3|UNI|KR80024,C_brand,FDT13LT,KE13LTNN,1.5296,1
17,FREE DAMM TOSTADA|1/3|UNI|KR04806,KELER|1/3|UNI|KR80025,C_brand,FDT13LT,KE13LTNN,1.1501,10
17,FREE DAMM TOSTADA|1/3|UNI|KR04806,ORO|1/3|UNI|KR82703,C_brand,FDT13LT,OL13LTN,0.3463,1
17,FREE DAMM TOSTADA|1/3|UNI|KR04806,ROSA BLANCA|1/3|UNI|KR03502,C_brand,FDT13LT,RB13LTN,1.2285,1
17,FREE DAMM TOSTADA|1/3|UNI|KR04806,ROSA BLANCA|1/3|UNI|KR03503,C_brand,FDT13LT,RB13LTN,1.4476,1
17,FREE DAMM TOSTADA|1/3|UNI|KR04806,SKOL|1/3|UNI|KR80115,C_brand,FDT13LT,SK13LN,4.2459,1
17,FREE DAMM TOSTADA|1/3|UNI|KR04806,TURIA MARZEN 0'0 TOSTADA|1/3|UNI|KR07201,C_brand,FDT13LT,TNT13LT,0.3147,1
17,FREE DAMM TOSTADA|1/3|UNI|KR04806,TURIA MARZEN|1/3|UNI|KR00607,C_brand,FDT13LT,TU13LTN,1.2839,5
17,FREE DAMM TOSTADA|1/3|UNI|KR04806,XIBECA|1/3|P24|KR00718,C_brand,FDT13LT,XI13P24M,0.6697,1
17,FREE DAMM TOSTADA|1/3|UNI|KR04807,KELER|1/3|UNI|KR80025,C_brand,FDT13LT,KE13LTNN,0.7582,2
17,FREE DAMM TOSTADA|1/3|UNI|KR04807,KELER|1/3|UNI|KR80026,C_brand,FDT13LT,KE13LTNN,1.4709,1
17,FREE DAMM|1/3|PACK|KR00036,ESTRELLA DAMM|1/3|P12|KR00441,C_brand,FD13LP12,ED1312MZ,1.3817,1
17,FREE DAMM|1/3|PACK|KR00036,FREE DAMM TOSTADA|1/3|UNI|KR04806,C_brand,FD13LP12,FDT13LT,0.5883,1
17,FREE DAMM|1/3|PACK|KR00036,VOLL DAMM|1/3|PACK|KR00525,C_brand,FD13LP12,VO13LP24,1.2536,1
17,FREE DAMM|1/3|PACK|KR00038,ESTRELLA DAMM|1/3|P12|KR00443,C_brand,FD13LP12,ED13P12M,0.9124,1
17,FREE DAMM|1/3|PACK|KR00038,FREE DAMM LIMON|1/3|UNI|KR01819,C_brand,FD13LP12,FDL13LN,1.6079,1
17,FREE DAMM|1/3|PACK|KR00038,FREE DAMM|1/3|UNI|KR00038,C_pack,FD13LP12,FD13LTNN,1.7257,3
17,FREE DAMM|1/3|UNI|KR00036,ESTRELLA LEVANTE|1/3|UNI|KR00339,C_brand,FD13LN,LC13LTNN,3.5749,1
17,FREE DAMM|1/3|UNI|KR00036,FREE DAMM LIMON|1/3|UNI|KR01818,C_brand,FD13LN,FDL13LN,2.123,2
17,FREE DAMM|1/3|UNI|KR00036,FREE DAMM TOSTADA|1/3|UNI|KR04806,C_brand,FD13LN,FDT13LT,1.8949,4
17,FREE DAMM|1/3|UNI|KR00036,FREE DAMM|1/3|PACK|KR00036,C_pack,FD13LN,FD13LP12,1.0724,2
17,FREE DAMM|1/3|UNI|KR00036,KELER|1/3|UNI|KR80025,C_brand,FD13LN,KE13LTNN,1.7035,1
17,FREE DAMM|1/3|UNI|KR00036,TURIA MARZEN 0'0 TOSTADA|1/3|UNI|KR07200,C_brand,FD13LN,TNT13LT,1.8551,1
17,FREE DAMM|1/3|UNI|KR00036,VICTORIA|1/3|UNI|KR81116,C_brand,FD13LN,VI13LN,3.9508,1
17,FREE DAMM|1/3|UNI|KR00037,FREE DAMM LIMON|1/3|UNI|KR01819,C_brand,FD13LTNN,FDL13LN,2.9971,1
17,FREE DAMM|1/3|UNI|KR00037,KELER|1/3|UNI|KR80025,C_brand,FD13LTNN,KE13LBI,1.046,0
17,FREE DAMM|1/3|UNI|KR00038,DAMM LEMON|1/3|UNI|KR00928,C_brand,FD13LTNN,DL13LT,2.4928,2
17,FREE DAMM|1/3|UNI|KR00038,ESTRELLA DAMM|1/3|P12|KR00441,C_brand,FD13LTNN,ED1312MZ,0.8522,1
17,FREE DAMM|1/3|UNI|KR00038,ESTRELLA DAMM|1/3|UNI|KR00443,C_brand,FD13LTNN,ED13LTW,0.7177,1
17,FREE DAMM|1/3|UNI|KR00038,FREE DAMM LIMON|1/3|PACK|KR01819,C_brand,FD13LTNN,FDL13L12,0.3956,1
17,FREE DAMM|1/3|UNI|KR00038,FREE DAMM LIMON|1/3|UNI|KR01818,C_brand,FD13LTNN,FDL13LN,2.5263,2
17,FREE DAMM|1/3|UNI|KR00038,FREE DAMM LIMON|1/3|UNI|KR01819,C_brand,FD13LTNN,FDL13LN,2.5068,7
17,FREE DAMM|1/3|UNI|KR00038,FREE DAMM TOSTADA|1/3|UNI|KR04806,C_brand,FD13LTNN,FDT13LT,2.1074,6
17,FREE DAMM|1/3|UNI|KR00038,FREE DAMM TOSTADA|1/3|UNI|KR04807,C_brand,FD13LTNN,FDT13LT,1.306,2
17,FREE DAMM|1/3|UNI|KR00038,TURIA MARZEN|1/3|UNI|KR00607,C_brand,FD13LTNN,TU13LTN,1.8883,1
17,FREE DAMM|1/3|UNI|KR00038,VOLL DAMM|1/3|UNI|KR00528,C_brand,FD13LTNN,VO13LTNN,4.442,3
17,FREE DAMM|1/3|UNI|KR00038,XIBECA|1/3|UNI|KR00719,C_brand,FD13LTNN,XI13LTN,2.5266,1
17,KELER NON ALCOHOLIC|1/3|UNI|KR83500,LEVANTE SIN TOSTADA|1/3|UNI|KR04105,C_brand,KNT13LT,LST13LTN,1.196,1
17,KELER NON ALCOHOLIC|1/3|UNI|KR83500,TURIA MARZEN 0'0 TOSTADA|1/3|UNI|KR07201,C_brand,KNT13LT,TNT13LT,0.6471,1
17,KELER|1/3|P12|KR80025,DAURA|1/3|UNI|KR02209,C_brand,KE13PL12,EC13LTNN,0.6214,1
17,KELER|1/3|P12|KR80025,ROSA BLANCA|1/3|P12|KR03502,C_brand,KE13PL12,RB13L12N,0.5975,1
17,KELER|1/3|P12|KR80025,SKOL|1/3|UNI|KR80115,C_brand,KE13PL12,SK13LN,2.0924,3
17,KELER|1/3|P12|KR80025,TURIA MARZEN|1/3|PACK|KR00609,C_brand,KE13PL12,TU13LP12,3.0869,1
17,KELER|1/3|P12|KR80025,TURIA MARZEN|1/3|UNI|KR00607,C_brand,KE13PL12,TU13LTN,1.2134,1
17,KELER|1/3|UNI|KR80024,ESTRELLA LEVANTE|1/3|P24|KR00339,C_brand,KE13LTNN,LC1324MM,1.1063,1
17,KELER|1/3|UNI|KR80024,VICTORIA|1/3|UNI|KR81115,C_brand,KE13LTNN,VI13LN,0.6983,1
17,KELER|1/3|UNI|KR80025,DAMM LEMON|1/3|UNI|KR00928,C_brand,KE13LTNN,DL13LT,0.7791,1
17,KELER|1/3|UNI|KR80025,ESTRELLA DAMM|1/3|P12|KR00443,C_brand,KE13LTNN,ED13LP12,0.2166,1
17,KELER|1/3|UNI|KR80025,ESTRELLA DAMM|1/3|P24|KR00443,C_brand,KE13LTNN,ED13P24M,0.6386,1
17,KELER|1/3|UNI|KR80025,ESTRELLA DAMM|1/3|UNI|KR00443,C_brand,KE13LTNN,ED13LTW,3.879,1
17,KELER|1/3|UNI|KR80025,FREE DAMM|1/3|UNI|KR00038,C_brand,KE13LTNN,FD13LTNN,3.581,1
17,KELER|1/3|UNI|KR80025,KELER|1/3|P12|KR80025,C_pack,KE13LTNN,KE13PL12,0.6864,5
17,KELER|1/3|UNI|KR80025,ROSA BLANCA|1/3|P12|KR03502,C_brand,KE13LTNN,RB13L12N,0.4297,1
17,KELER|1/3|UNI|KR80025,ROSA BLANCA|1/3|UNI|KR03502,C_brand,KE13LTNN,RB13LTN,0.792,1
17,KELER|1/3|UNI|KR80025,ROSA BLANCA|1/3|UNI|KR03503,C_brand,KE13LTNN,RB13LTN,2.561,1
17,KELER|1/3|UNI|KR80025,SKOL|1/3|UNI|KR80117,C_brand,KE13LTNN,SK13LN,0.9563,2
17,KELER|1/3|UNI|KR80025,TURIA MARZEN 0'0 TOSTADA|1/3|UNI|KR07200,C_brand,KE13LTNN,TNT13LT,1.7437,1
17,KELER|1/3|UNI|KR80025,TURIA MARZEN 0'0 TOSTADA|1/3|UNI|KR07201,C_brand,KE13LTNN,TNT13LT,0.3703,1
17,KELER|1/3|UNI|KR80025,TURIA MARZEN|1/3|UNI|KR00607,C_brand,KE13LTNN,TU13LTN,1.943,3
17,KELER|1/3|UNI|KR80025,"VICTORIA 0,0 TOSTADA|1/3|UNI|KR83601",C_brand,KE13LTNN,VNT13LT,1.2793,1
17,KELER|1/3|UNI|KR80025,VICTORIA|1/3|UNI|KR81116,C_brand,KE13LTNN,VI13LN,0.9944,1
17,KELER|1/3|UNI|KR80025,VOLL DAMM|1/3|PACK|KR00525,C_brand,KE13LTNN,VO13LP24,0.8884,2
17,KELER|1/3|UNI|KR80025,VOLL DAMM|1/3|UNI|KR00528,C_brand,KE13LTNN,VO13LTMN,1.6479,1
17,KELER|1/3|UNI|KR80026,TURIA STARK|1/3|UNI|KR01401,C_brand,KE13LTNN,TUP13LT,0.994,1
17,LEVANTE SIN TOSTADA|1/3|UNI|KR04105,ESTRELLA DAMM|1/3|P24|KR00443,C_brand,LST13LTN,ED13P24M,0.74,1
17,LEVANTE SIN TOSTADA|1/3|UNI|KR04105,ESTRELLA DAMM|1/3|UNI|KR00443,C_brand,LST13LTN,ED13LTW,0.7886,1
17,LEVANTE SIN TOSTADA|1/3|UNI|KR04105,"VICTORIA 0,0 TOSTADA|1/3|UNI|KR83602",C_brand,LST13LTN,VNT13LT,0.7272,1
17,Molen|1/3|P24|KR6BNML5,CARLSBERG|1/3|UNI|KR04503,C_brand,3BVMLLB0,CB13LTN,0.8376,1
17,Molen|1/3|P24|KR6BNML5,COMPLOT|1/3|UNI|KR05002,C_brand,3BVMLLB0,CM13LT,0.6214,1
17,Molen|1/3|P24|KR6BNML5,ESTRELLA DAMM|1/3|P12|KR00443,C_brand,3BVMLLB0,ED1312MZ,1.2056,1
17,ORO|1/3|UNI|KR82703,ROSA BLANCA|1/3|UNI|KR03502,C_brand,OL13LTN,RB13LTN,1.5895,1
17,ORO|1/3|UNI|KR82703,SKOL|1/3|UNI|KR80115,C_brand,OL13LTN,SK13LN,0.8826,1
17,ROSA BLANCA|1/3|P12|KR03502,ROSA BLANCA|1/3|UNI|KR03502,C_pack,RB13L12N,RB13LTN,1.6053,2
17,ROSA BLANCA|1/3|P12|KR03503,ROSA BLANCA|1/3|UNI|KR03503,C_pack,RB13L12N,RB13LTN,0.6761,1
17,ROSA BLANCA|1/3|UNI|KR03502,DAMM LEMON|1/3|UNI|KR00926,C_brand,RB13LTN,DL13LN,4.4708,1
17,ROSA BLANCA|1/3|UNI|KR03502,TURIA MARZEN 0'0 TOSTADA|1/3|UNI|KR07200,C_brand,RB13LTN,TNT13LT,0.6474,2
17,ROSA BLANCA|1/3|UNI|KR03502,TURIA MARZEN|1/3|UNI|KR00607,C_brand,RB13LTN,TU13LTN,1.8369,2
17,ROSA BLANCA|1/3|UNI|KR03503,ESTRELLA DAMM|1/3|UNI|KR00444,C_brand,RB13LTN,ED13LTCW,1.3211,1
17,ROSA BLANCA|1/3|UNI|KR03503,VOLL DAMM|1/3|PACK|KR00528,C_brand,RB13LTN,VO13LP24,1.5831,2
17,ROSA BLANCA|1/3|UNI|KR05802,FREE DAMM LIMON|1/3|PACK|KR01819,C_brand,RL13LBAN,FDL13L12,0.7542,1
17,ROSA BLANCA|1/3|UNI|KR05802,SKOL|1/3|UNI|KR80115,C_brand,RL13LBAN,SK13LN,2.1399,1
17,ROSA BLANCA|1/3|UNI|KR05802,TURIA MARZEN 0'0 TOSTADA|1/3|UNI|KR07201,C_brand,RL13LBAN,TNT13LT,0.6806,1
17,SKOL|1/3|UNI|KR80115,DAMM LEMON|1/3|UNI|KR00926,C_brand,SK13LN,DL13LN,2.7174,1
17,SKOL|1/3|UNI|KR80115,ESTRELLA DAMM|1/3|UNI|KR00442,C_brand,SK13LN,ED13LTZT,0.2376,1
17,SKOL|1/3|UNI|KR80115,FREE DAMM|1/3|UNI|KR00036,C_brand,SK13LN,FD13LN,1.5464,1
17,SKOL|1/3|UNI|KR80115,TURIA MARZEN 0'0 TOSTADA|1/3|UNI|KR07200,C_brand,SK13LN,TNT13LT,0.6207,1
17,SKOL|1/3|UNI|KR80115,TURIA MARZEN|1/3|UNI|KR00607,C_brand,SK13LN,TU13LTN,1.2126,2
17,SKOL|1/3|UNI|KR80115,"VICTORIA 0,0 TOSTADA|1/3|UNI|KR83601",C_brand,SK13LN,VNT13LT,0.8904,1
17,SKOL|1/3|UNI|KR80115,VOLL DAMM|1/3|UNI|KR00525,C_brand,SK13LN,VO13LTNN,8.8092,3
17,SKOL|1/3|UNI|KR80116,ESTRELLA DAMM|1/3|UNI|KR00443,C_brand,SK13LN,ED13LTFW,0.2397,1
17,SKOL|1/3|UNI|KR80116,ESTRELLA DAMM|1/3|UNI|KR02609,C_brand,SK13LN,EX13L12K,0.8744,1
17,SKOL|1/3|UNI|KR80116,FREE DAMM LIMON|1/3|UNI|KR01819,C_brand,SK13LN,FDL13LN,0.0113,0
17,SKOL|1/3|UNI|KR80116,TURIA MARZEN|1/3|UNI|KR00607,C_brand,SK13LN,TU13LTN,2.4931,1
17,SKOL|1/3|UNI|KR80116,"VICTORIA 0,0 TOSTADA|1/3|UNI|KR83602",C_brand,SK13LN,VNT13LT,0.864,1
17,SKOL|1/3|UNI|KR80116,VICTORIA|1/3|UNI|KR81117,C_brand,SK13LN,VI13LTX,6.3331,1
17,SKOL|1/3|UNI|KR80116,VOLL DAMM|1/3|UNI|KR00528,C_brand,SK13LN,VO13LTNN,1.5501,1
17,SKOL|1/3|UNI|KR80116,XIBECA|1/3|UNI|KR00718,C_brand,SK13LN,XI13LTN,0.9985,1
17,SKOL|1/3|UNI|KR80117,ESTRELLA DAMM|1/3|UNI|KR00443,C_brand,SK13LN,ED13LTFW,1.0824,1
17,SKOL|1/3|UNI|KR80117,ROSA BLANCA|1/3|UNI|KR03503,C_brand,SK13LN,RB13LTN,0.9227,1
17,SKOL|1/3|UNI|KR80117,TURIA MARZEN 0'0 TOSTADA|1/3|UNI|KR07201,C_brand,SK13LN,TNT13LT,0.9808,1
17,SKOL|1/3|UNI|KR80117,TURIA MARZEN|1/3|UNI|KR00607,C_brand,SK13LN,TU13LTN,1.3487,3
17,SKOL|1/3|UNI|KR80117,TURIA MARZEN|1/3|UNI|KR00609,C_brand,SK13LN,TU13LTN,0.8629,1
17,TURIA MARZEN 0'0 TOSTADA|1/3|UNI|KR07200,CARLSBERG|1/3|P12|KR04503,C_brand,TNT13LT,CB13L12P,0.2945,1
17,TURIA MARZEN 0'0 TOSTADA|1/3|UNI|KR07200,ESTRELLA DAMM|1/3|P24|KR00443,C_brand,TNT13LT,ED13LP24,0.7035,1
17,TURIA MARZEN 0'0 TOSTADA|1/3|UNI|KR07200,ESTRELLA DAMM|1/3|UNI|KR00443,C_brand,TNT13LT,ED13LTW,0.4572,1
17,TURIA MARZEN 0'0 TOSTADA|1/3|UNI|KR07200,TURIA MARZEN|1/3|PACK|KR00607,C_brand,TNT13LT,TU13LP12,1.4985,2
17,TURIA MARZEN 0'0 TOSTADA|1/3|UNI|KR07200,TURIA MARZEN|1/3|UNI|KR00607,C_brand,TNT13LT,TU13LTN,2.5799,1
17,TURIA MARZEN 0'0 TOSTADA|1/3|UNI|KR07200,"VICTORIA 0,0 TOSTADA|1/3|UNI|KR83601",C_brand,TNT13LT,VNT13LT,1.1617,1
17,TURIA MARZEN 0'0 TOSTADA|1/3|UNI|KR07201,TURIA MARZEN|1/3|UNI|KR00607,C_brand,TNT13LT,TU13LTN,1.8921,2
17,TURIA MARZEN 0'0 TOSTADA|1/3|UNI|KR07201,TURIA MARZEN|1/3|UNI|KR00609,C_brand,TNT13LT,TU13LTN,1.1462,1
17,TURIA MARZEN 0'0 TOSTADA|1/3|UNI|KR07201,TURIA STARK|1/3|UNI|KR01401,C_brand,TNT13LT,TUP13LT,0.6366,1
17,TURIA MARZEN|1/3|PACK|KR00607,ESTRELLA DAMM|1/3|UNI|KR00441,C_brand,TU13LP12,ED13LTW,1.4976,1
17,TURIA MARZEN|1/3|PACK|KR00607,TURIA MARZEN|1/3|UNI|KR00607,C_pack,TU13LP12,TU13LTN,0.5239,2
17,TURIA MARZEN|1/3|PACK|KR00607,VOLL DAMM|1/3|P12|KR00525,C_brand,TU13LP12,VO13P12M,0.5465,1
17,TURIA MARZEN|1/3|PACK|KR00609,TURIA MARZEN|1/3|UNI|KR00609,C_pack,TU13LP12,TU13LTN,1.1504,2
17,TURIA MARZEN|1/3|UNI|KR00607,CARLSBERG|1/3|P12|KR04503,C_brand,TU13LTN,CB13L12P,0.1796,1
17,TURIA MARZEN|1/3|UNI|KR00607,DAMM LEMON|1/3|UNI|KR00924,C_brand,TU13LTN,DL13LN,1.3785,1
17,TURIA MARZEN|1/3|UNI|KR00607,ESTRELLA DAMM|1/3|UNI|KR00441,C_brand,TU13LTN,ED13LTFW,0.5056,1
17,TURIA MARZEN|1/3|UNI|KR00607,ESTRELLA LEVANTE|1/3|UNI|KR00339,C_brand,TU13LTN,LC13LTNN,0.5294,1
17,TURIA MARZEN|1/3|UNI|KR00607,FREE DAMM LIMON|1/3|PACK|KR01818,C_brand,TU13LTN,FDL13L12,0.8998,1
17,TURIA MARZEN|1/3|UNI|KR00607,KELER|1/3|UNI|KR80025,C_brand,TU13LTN,KE13LTNN,2.0485,2
17,TURIA MARZEN|1/3|UNI|KR00607,"VICTORIA 0,0 TOSTADA|1/3|UNI|KR83601",C_brand,TU13LTN,VNT13LT,1.0837,2
17,TURIA MARZEN|1/3|UNI|KR00607,"VICTORIA 0,0 TOSTADA|1/3|UNI|KR83602",C_brand,TU13LTN,VNT13LT,1.0662,3
17,TURIA MARZEN|1/3|UNI|KR00607,VICTORIA|1/3|UNI|KR81115,C_brand,TU13LTN,VI13LN,2.2006,3
17,TURIA MARZEN|1/3|UNI|KR00607,VICTORIA|1/3|UNI|KR81117,C_brand,TU13LTN,VI13LTX,2.6438,1
17,TURIA MARZEN|1/3|UNI|KR00607,VOLL DAMM|1/3|P12|KR00528,C_brand,TU13LTN,VO13PL12,1.4758,1
17,TURIA MARZEN|1/3|UNI|KR00607,VOLL DAMM|1/3|PACK|KR00528,C_brand,TU13LTN,VO13LP24,0.7175,1
17,TURIA MARZEN|1/3|UNI|KR00607,XIBECA|1/3|UNI|KR00716,C_brand,TU13LTN,XI13LTN,3.8317,2
17,TURIA MARZEN|1/3|UNI|KR00607,XIBECA|1/3|UNI|KR00719,C_brand,TU13LTN,XI13LTN,4.6466,1
17,TURIA MARZEN|1/3|UNI|KR00609,COMPLOT|1/3|UNI|KR05002,C_brand,TU13LTN,CM13LT,2.1754,1
17,TURIA MARZEN|1/3|UNI|KR00609,ESTRELLA DAMM|1/3|UNI|KR00444,C_brand,TU13LTN,ED13LTCW,2.5125,1
17,TURIA MARZEN|1/3|UNI|KR00609,"VICTORIA 0,0 TOSTADA|1/3|UNI|KR83603",C_brand,TU13LTN,VNT13LT,1.1694,1
17,TURIA MARZEN|1/3|UNI|KR00609,VOLL DAMM|1/3|PACK|KR00528,C_brand,TU13LTN,VO13LP24,1.2281,2
17,TURIA STARK|1/3|UNI|KR01401,ESTRELLA DAMM|1/3|UNI|KR00444,C_brand,TUP13LT,ED13LTCW,4.7567,1
17,TURIA STARK|1/3|UNI|KR01401,"VICTORIA 0,0 TOSTADA|1/3|UNI|KR83603",C_brand,TUP13LT,VNT13LT,1.3224,1
17,"VICTORIA 0,0 TOSTADA|1/3|UNI|KR83601",FREE DAMM TOSTADA|1/3|UNI|KR04806,C_brand,VNT13LT,FDT13LT,0.7695,1
17,"VICTORIA 0,0 TOSTADA|1/3|UNI|KR83601",LEVANTE SIN TOSTADA|1/3|UNI|KR04104,C_brand,VNT13LT,LST13LTN,0.8804,1
17,"VICTORIA 0,0 TOSTADA|1/3|UNI|KR83601",VOLL DAMM|1/3|PACK|KR00525,C_brand,VNT13LT,VO13LP24,0.9192,2
17,"VICTORIA 0,0 TOSTADA|1/3|UNI|KR83602",VOLL DAMM|1/3|UNI|KR00528,C_brand,VNT13LT,VO13LTNN,1.8823,4
17,"VICTORIA 0,0 TOSTADA|1/3|UNI|KR83602",XIBECA|1/3|P12|KR00716,C_brand,VNT13LT,XI13L12M,0.4871,1
17,"VICTORIA 0,0 TOSTADA|1/3|UNI|KR83603",COMPLOT|1/3|UNI|KR05002,C_brand,VNT13LT,CM13LT,0.7489,1
17,"VICTORIA 0,0 TOSTADA|1/3|UNI|KR83603",ESTRELLA DAMM|1/3|P12|KR00443,C_brand,VNT13LT,ED13P12M,0.3521,1
17,"VICTORIA 0,0 TOSTADA|1/3|UNI|KR83603",VOLL DAMM|1/3|PACK|KR00528,C_brand,VNT13LT,VO13LP24,1.1192,1
17,VICTORIA|1/3|RETR|KR81115,VOLL DAMM|1/3|UNI|KR00525,C_brand,VI1324MM,VO13LTFN,0.3344,1
17,VICTORIA|1/3|UNI|KR81115,ESTRELLA DAMM|1/3|UNI|KR00441,C_brand,VI13LN,ED13LTW,1.0553,1
17,VICTORIA|1/3|UNI|KR81115,FREE DAMM TOSTADA|1/3|UNI|KR04806,C_brand,VI13LN,FDT13LT,2.286,2
17,VICTORIA|1/3|UNI|KR81115,ORO|1/3|UNI|KR82703,C_brand,VI13LN,OL13LTN,1.1142,1
17,VICTORIA|1/3|UNI|KR81115,VOLL DAMM|1/3|UNI|KR00525,C_brand,VI13LN,VO13LTFN,0.0015,2
17,VICTORIA|1/3|UNI|KR81116,"VICTORIA 0,0 TOSTADA|1/3|UNI|KR83602",C_brand,VI13LN,VNT13LT,1.6706,1
17,VICTORIA|1/3|UNI|KR81116,VOLL DAMM|1/3|PACK|KR00528,C_brand,VI13LN,VO13LP24,0.6306,1
17,VICTORIA|1/3|UNI|KR81117,DAMM LEMON|1/3|UNI|KR00928,C_brand,VI13LTX,DL13LT,1.6658,1
17,VICTORIA|1/3|UNI|KR81117,ROSA BLANCA|1/3|UNI|KR05802,C_brand,VI13LTX,RL13LBAN,0.8708,1
17,VICTORIA|1/3|UNI|KR81117,"VICTORIA 0,0 TOSTADA|1/3|UNI|KR83601",C_brand,VI13LTX,VNT13LT,1.3636,1
17,VOLL DAMM|1/3|P12|KR00525,CARLSBERG|1/3|P12|KR04503,C_brand,VO13PL12,CB13L12P,0.5062,1
17,VOLL DAMM|1/3|P12|KR00525,FREE DAMM|1/3|UNI|KR00036,C_brand,VO13PL12,FD13LN,2.3766,1
17,VOLL DAMM|1/3|P12|KR00525,VOLL DAMM|1/3|P12|KR00525,C0_self,VO13P12M,VO13PL12,0.6925,1
17,VOLL DAMM|1/3|P12|KR00525,VOLL DAMM|1/3|UNI|KR00525,C_pack,VO13P12M,VO13LTNN,2.418,1
17,VOLL DAMM|1/3|P12|KR00525,XIBECA|1/3|P12|KR00716,C_brand,VO13P12M,XI1312MM,0.2999,1
17,VOLL DAMM|1/3|P12|KR00525,XIBECA|1/3|P24|KR00716,C_brand,VO13PL12,XI13P24M,0.6347,1
17,VOLL DAMM|1/3|P12|KR00525,XIBECA|1/3|UNI|KR00716,C_brand,VO13P12M,XI13LTN,3.1424,2
17,VOLL DAMM|1/3|P12|KR00528,DAURA|1/3|UNI|KR02209,C_brand,VO13PL12,EC13LTNN,1.239,1
17,VOLL DAMM|1/3|P12|KR00528,ESTRELLA DAMM|1/3|UNI|KR00443,C_brand,VO13PL12,ED13LTW,4.69,1
17,VOLL DAMM|1/3|P12|KR00528,FREE DAMM LIMON|1/3|UNI|KR01819,C_brand,VO13PL12,FDL13LN,1.0591,1
17,VOLL DAMM|1/3|P12|KR00528,VOLL DAMM|1/3|P12|KR00528,C0_self,VO13PL12,VO13PL12,0.4297,3
17,VOLL DAMM|1/3|P12|KR00528,VOLL DAMM|1/3|UNI|KR00528,C_pack,VO13P12M,VO13LTNN,1.395,2
17,VOLL DAMM|1/3|P12|KR00528,XIBECA|1/3|P12|KR00719,C_brand,VO13PL12,XI13L12M,1.4522,1
17,VOLL DAMM|1/3|P12|KR00528,XIBECA|1/3|UNI|KR00719,C_brand,VO13PL12,XI13LTN,3.3544,2
17,VOLL DAMM|1/3|P6|KR00525,VOLL DAMM|1/3|PACK|KR00525,C_pack,VO13L6M1,VO13LP24,0.8589,1
17,VOLL DAMM|1/3|PACK|KR00525,ESTRELLA DAMM|1/3|UNI|KR00441,C_brand,VO13LP24,ED13LTMW,0.3074,2
17,VOLL DAMM|1/3|PACK|KR00525,SKOL|1/3|UNI|KR80116,C_brand,VO13LP24,SK13LN,7.1172,1
17,VOLL DAMM|1/3|PACK|KR00525,VOLL DAMM|1/3|P12|KR00525,C_pack,VO13LP24,VO13P12M,1.119,1
17,VOLL DAMM|1/3|PACK|KR00525,VOLL DAMM|1/3|UNI|KR00525,C_pack,VO13LP24,VO13LTNN,0.3232,7
17,VOLL DAMM|1/3|PACK|KR00525,XIBECA|1/3|P12|KR00719,C_brand,VO13LP24,XI13L12M,0.3978,1
17,VOLL DAMM|1/3|PACK|KR00525,XIBECA|1/3|UNI|KR00716,C_brand,VO13LP24,XI13LTN,1.6669,1
17,VOLL DAMM|1/3|PACK|KR00528,DAMM LEMON|1/3|UNI|KR00928,C_brand,VO13LP24,DL13LT,3.3147,1
17,VOLL DAMM|1/3|PACK|KR00528,ESTRELLA DAMM|1/3|P24|KR00441,C_brand,VO13LP24,ED13LP24,1.8395,1
17,VOLL DAMM|1/3|PACK|KR00528,ESTRELLA DAMM|1/3|P24|KR00443,C_brand,VO1324M9,ED1324MZ,1.435,2
17,VOLL DAMM|1/3|PACK|KR00528,ESTRELLA DAMM|1/3|PACK|KR00443,C_brand,VO13LP24,ED13LP9,1.0192,1
17,VOLL DAMM|1/3|PACK|KR00528,ESTRELLA DAMM|1/3|UNI|KR00443,C_brand,VO13LP24,ED13LTW,8.2194,1
17,VOLL DAMM|1/3|PACK|KR00528,VOLL DAMM|1/3|UNI|KR00528,C_pack,VO13LP24,VO13LTFN,0.5196,6
17,VOLL DAMM|1/3|PACK|KR00528,XIBECA|1/3|P24|KR00719,C_brand,VO13LP24,XI13P24M,0.5312,1
17,VOLL DAMM|1/3|PACK|KR00528,XIBECA|1/3|UNI|KR00719,C_brand,VO13LP24,XI13LTN,3.2375,2
17,VOLL DAMM|1/3|UNI|KR00525,CARLSBERG|1/3|UNI|KR04503,C_brand,VO13LTNN,CB13LTN,0.6274,2
17,VOLL DAMM|1/3|UNI|KR00525,COMPLOT|1/3|UNI|KR05002,C_brand,VO13LTNN,CM13LT,1.1712,1
17,VOLL DAMM|1/3|UNI|KR00525,DAMM LEMON|1/3|UNI|KR00924,C_brand,VO13LTFN,DL13LN,0.9328,1
17,VOLL DAMM|1/3|UNI|KR00525,ESTRELLA DAMM|1/3|P12|KR00441,C_brand,VO13LTNN,ED1312MZ,1.2826,3
17,VOLL DAMM|1/3|UNI|KR00525,ESTRELLA DAMM|1/3|P24|KR00441,C_brand,VO13LTNN,ED1324MZ,0.6988,1
17,VOLL DAMM|1/3|UNI|KR00525,ESTRELLA DAMM|1/3|UNI|KR00440,C_brand,VO13LTNN,ED13LTCW,17.5564,1
17,VOLL DAMM|1/3|UNI|KR00525,ESTRELLA DAMM|1/3|UNI|KR00441,C_brand,VO13LTNN,ED13LTW,0.3602,5
17,VOLL DAMM|1/3|UNI|KR00525,ESTRELLA DAMM|1/3|UNI|KR00444,C_brand,VO13LTNN,ED13LTCW,0.104,1
17,VOLL DAMM|1/3|UNI|KR00525,FREE DAMM|1/3|UNI|KR00037,C_brand,VO13LTNN,FD13LTNN,2.9421,1
17,VOLL DAMM|1/3|UNI|KR00525,FREE DAMM|1/3|UNI|KR00038,C_brand,VO13LTNN,FD13LTNN,3.2665,1
17,VOLL DAMM|1/3|UNI|KR00525,KELER|1/3|UNI|KR80024,C_brand,VO13LTNN,KE13LTNN,1.4837,1
17,VOLL DAMM|1/3|UNI|KR00525,KELER|1/3|UNI|KR80025,C_brand,VO13LTMN,KE13LTNN,1.2243,1
17,VOLL DAMM|1/3|UNI|KR00525,VOLL DAMM|1/3|P6|KR00525,C_pack,VO13LTNN,VO13LTP6,1.3535,0
17,VOLL DAMM|1/3|UNI|KR00525,VOLL DAMM|1/3|PACK|KR00525,C_pack,VO13LTNN,VO13LP24,0.4268,4
17,VOLL DAMM|1/3|UNI|KR00525,VOLL DAMM|1/3|UNI|KR00525,C0_self,VO13LTNN,VO13LTNN,0.9426,3
17,VOLL DAMM|1/3|UNI|KR00525,XIBECA|1/3|P12|KR00716,C_brand,VO13LTNN,XI13L12M,0.0099,2
17,VOLL DAMM|1/3|UNI|KR00528,DAMM LEMON|1/3|UNI|KR00928,C_brand,VO13LTNN,DL13LT,9.6215,4
17,VOLL DAMM|1/3|UNI|KR00528,ESTRELLA DAMM|1/3|UNI|KR00443,C_brand,VO13LTNN,ED13LTFW,0.3292,4
17,VOLL DAMM|1/3|UNI|KR00528,Molen|1/3|P24|KR6BNML5,C_brand,VO13LTNN,3BVMLLB0,2.3472,1
17,VOLL DAMM|1/3|UNI|KR00528,SKOL|1/3|UNI|KR80115,C_brand,VO13LTNN,SK13LN,2.7731,1
17,VOLL DAMM|1/3|UNI|KR00528,TURIA MARZEN|1/3|UNI|KR00607,C_brand,VO13LTFN,TU13LTN,1.2795,1
17,VOLL DAMM|1/3|UNI|KR00528,TURIA MARZEN|1/3|UNI|KR00609,C_brand,VO13LTNN,TU13LTN,2.2215,2
17,VOLL DAMM|1/3|UNI|KR00528,VOLL DAMM|1/3|P12|KR00528,C_pack,VO13LTNN,VO13PL12,1.1747,6
17,VOLL DAMM|1/3|UNI|KR00528,VOLL DAMM|1/3|UNI|KR00528,C0_self,VO13LTFN,VO13LTNN,2.4278,6
17,VOLL DAMM|1/3|UNI|KR00528,XIBECA|1/3|P12|KR00719,C_brand,VO13LTNN,XI13L12M,0.1322,1
17,VOLL DAMM|1/3|UNI|KR00528,XIBECA|1/3|UNI|KR00719,C_brand,VO13LTNN,XI13LTN,3.4992,8
17,WIERQUER|1/3|P24|KR6BNWIN,FREE DAMM|1/3|UNI|KR00038,C_brand,3BNWILBM,FD13LTNN,1.1971,1
17,XIBECA|1/3|P12|KR00716,ESTRELLA DAMM|1/3|P12|KR00441,C_brand,XI13LP12,ED1312MZ,0.3651,1
17,XIBECA|1/3|P12|KR00716,FREE DAMM|1/3|PACK|KR00036,C_brand,XI13LP12,FD13LP12,1.2034,1
17,XIBECA|1/3|P12|KR00716,SKOL|1/3|UNI|KR80115,C_brand,XI13L12M,SK13LN,0.8466,1
17,XIBECA|1/3|P12|KR00716,XIBECA|1/3|P12|KR00716,C0_self,XI1312MM,XI13LP12,0.571,2
17,XIBECA|1/3|P12|KR00716,XIBECA|1/3|UNI|KR00716,C_pack,XI13L12M,XI13LTN,3.7049,2
17,XIBECA|1/3|P12|KR00719,XIBECA|1/3|P12|KR00716,C_envase,XI13L12M,XI13LP12,2.425,1
17,XIBECA|1/3|P12|KR00719,XIBECA|1/3|P12|KR00719,C0_self,XI13L12M,XI13LP12,0.5725,1
17,XIBECA|1/3|P12|KR00719,XIBECA|1/3|UNI|KR00719,C_pack,XI13L12M,XI13LTN,5.4698,1
17,XIBECA|1/3|P24|KR00716,LEVANTE SIN TOSTADA|1/3|UNI|KR04105,C_brand,XI13P24M,LST13LTN,1.1362,1
17,XIBECA|1/3|P24|KR00716,XIBECA|1/3|P12|KR00716,C_pack,XI13P24M,XI13L12M,1.2364,1
17,XIBECA|1/3|P24|KR00716,XIBECA|1/3|UNI|KR00716,C_pack,XI13P24F,XI13LTN,1.8612,2
17,XIBECA|1/3|P24|KR00719,XIBECA|1/3|UNI|KR00719,C_pack,XI13P24M,XI13LTN,3.0103,1
17,XIBECA|1/3|PACK|KR00716,VICTORIA|1/3|UNI|KR81115,C_brand,XI13L24Y,VI13LN,3.0666,1
17,XIBECA|1/3|UNI|KR00716,BOCK DAMM|1/3|UNI|KR02511,C_brand,XI13LTN,BO13LT,1.4682,1
17,XIBECA|1/3|UNI|KR00716,DAMM LEMON|1/3|UNI|KR00924,C_brand,XI13LTN,DL13LN,3.3038,1
17,XIBECA|1/3|UNI|KR00716,DAMM LEMON|1/3|UNI|KR00926,C_brand,XI13LTN,DL13LN,3.5419,2
17,XIBECA|1/3|UNI|KR00716,ESTRELLA DAMM|1/3|P24|KR00441,C_brand,XI13LTN,ED13LP24,1.0569,1
17,XIBECA|1/3|UNI|KR00716,XIBECA|1/3|P12|KR00716,C_pack,XI13LTN,XI13L12M,1.9922,1
17,XIBECA|1/3|UNI|KR00716,XIBECA|1/3|P24|KR00716,C_pack,XI13LTN,XI13P24F,0.4244,2
17,XIBECA|1/3|UNI|KR00716,XIBECA|1/3|PACK|KR00716,C_pack,XI13LTN,XI13L24Y,0.4534,1
17,XIBECA|1/3|UNI|KR00719,CARLSBERG|1/3|P12|KR04503,C_brand,XI13LTN,CB13L12P,0.3054,2
17,XIBECA|1/3|UNI|KR00719,CARLSBERG|1/3|UNI|KR04503,C_brand,XI13LTN,CB13LTN,0.7477,1
17,XIBECA|1/3|UNI|KR00719,DAURA|1/3|UNI|KR02209,C_brand,XI13LTN,EC13LTNN,1.1057,1
17,XIBECA|1/3|UNI|KR00719,ESTRELLA DAMM|1/3|P24|KR00443,C_brand,XI13LTN,ED13LP24,0.5325,1
17,XIBECA|1/3|UNI|KR00719,FREE DAMM TOSTADA|1/3|UNI|KR04806,C_brand,XI13LTN,FDT13LT,3.3225,2
17,XIBECA|1/3|UNI|KR00719,FREE DAMM|1/3|UNI|KR00038,C_brand,XI13LTN,FD13LTNN,2.0983,1
17,XIBECA|1/3|UNI|KR00719,KELER|1/3|UNI|KR80025,C_brand,XI13LTN,KE13LTNN,1.1881,1
17,XIBECA|1/3|UNI|KR00719,LEVANTE SIN TOSTADA|1/3|UNI|KR04105,C_brand,XI13LTN,LST13LTN,0.9369,1
17,XIBECA|1/3|UNI|KR00719,ROSA BLANCA|1/3|UNI|KR03503,C_brand,XI13LTN,RB13LTN,0.7935,1
17,XIBECA|1/3|UNI|KR00719,TURIA MARZEN 0'0 TOSTADA|1/3|UNI|KR07200,C_brand,XI13LTN,TNT13LT,1.0623,2
17,XIBECA|1/3|UNI|KR00719,TURIA STARK|1/3|UNI|KR01401,C_brand,XI13LTN,TUP13LT,0.5682,1
17,XIBECA|1/3|UNI|KR00719,VOLL DAMM|1/3|UNI|KR00528,C_brand,XI13LTN,VO13LTNN,3.0117,2
17,XIBECA|1/3|UNI|KR00719,XIBECA|1/3|P24|KR00719,C_pack,XI13LTN,XI13P24M,0.6049,1
17,XIBECA|1/3|UNI|KR00719,XIBECA|1/3|UNI|KR00719,C0_self,XI13LTN,XI13LTN,1.9761,1
19,CARLSBERG|1/2|UNI|KR05701,ESTRELLA DAMM|1/3|P12|KR00443,C_brand,CB12LTF,ED13P12M,0.37,1
19,CARLSBERG|1/3|P12|KR04503,ESTRELLA DAMM|1/3|P12|KR00443,C_brand,CB13L12P,ED1312MZ,0.9181,1
19,CARLSBERG|1/3|P12|KR04503,XIBECA|1/3|P12|KR00719,C_brand,CB13L12P,XI13L12M,0.8239,1
19,COMPLOT|1/3|UNI|KR05002,ESTRELLA NON-ALCOHOLIC|1/3|UNI|KR04401,C_brand,CM13LT,EN13L24B,0.5209,1
19,COPROVE|1/3|P24|KR6BNCP3,ESTRELLA DAMM|1/2|UNI|KR02042,C_brand,3BNCPLB2,EX1224LB,1.0133,1
19,DAMM LEMON|1/2|UNI|KR07100,ESTRELLA DAMM|1/2|UNI|KR00127,C_brand,DL12LT,ED12LTW,2.2805,1
19,DAMM LEMON|1/2|UNI|KR07100,ESTRELLA DAMM|1/2|UNI|KR02043,C_brand,DL12LT,EX1224LI,0.6998,1
19,DAMM LEMON|1/2|UNI|KR07100,LA FRÍA|1/3|P24|KR6BNZF0,C_brand,DL12LT,3BNZFLB2,0.0019,0
19,DAMM LEMON|1/2|UNI|KR07101,ESTRELLA NON-ALCOHOLIC|1/3|UNI|KR01620,C_brand,DL12LT,EN13B24I,0.9294,1
19,DAMM LEMON|1/3|PACK|KR00927,CARLSBERG|1/3|UNI|KR04503,C_brand,DL13LP4A,CB13LTN,0.8179,1
19,DAMM LEMON|1/3|PACK|KR00927,ESTRELLA DAMM|1/2|UNI|KR00127,C_brand,DL13LP4A,ED12LTW,2.5842,1
19,DAMM LEMON|1/3|PACK|KR00927,ESTRELLA DAMM|1/2|UNI|KR02042,C_brand,DL13LP4A,EX1224LB,2.0055,1
19,DAMM LEMON|1/3|PACK|KR00927,ESTRELLA DAMM|1/2|UNI|KR02046,C_brand,DL13LP4A,EX1224BI,1.4958,1
19,DAMM LEMON|1/3|PACK|KR00927,ESTRELLA DAMM|1/3|P12|KR00441,C_brand,DL13LP4A,ED13LP12,5.3307,1
19,DAMM LEMON|1/3|PACK|KR00927,ESTRELLA DAMM|1/3|P12|KR00443,C_brand,DL13LP4A,ED13LP12,2.0283,2
19,DAMM LEMON|1/3|PACK|KR00927,ESTRELLA DAMM|1/3|UNI|KR02333,C_brand,DL13LP4A,EX13L24B,0.8946,1
19,DAMM LEMON|1/3|PACK|KR00927,ESTRELLA DAMM|1/3|UNI|KR02337,C_brand,DL13LP4A,EX1324BN,1.0048,2
19,DAMM LEMON|1/3|PACK|KR00927,ESTRELLA NON-ALCOHOLIC|2/5|P24|KR04200,C_brand,DL13LP4A,EN25LBUK,0.692,1
19,DAMM LEMON|1/3|PACK|KR00928,DAMM LEMON|1/3|PACK|KR00927,C_envase,DL1312NN,DL13LP4A,1.229,1
19,DAMM LEMON|1/3|UNI|KR00924,BOCK DAMM|1/3|UNI|KR02511,C_brand,DL13LN,BO13LT,1.0497,1
19,DAMM LEMON|1/3|UNI|KR00924,ESTRELLA DAMM|1/3|P24|KR00441,C_brand,DL13LN,ED1324MZ,0.1645,1
19,EMD BRAU|1/3|P12|KR6BNEB9,DAMM LEMON|1/2|UNI|KR07100,C_brand,3BNEBL23,DL12LTBF,1.5677,1
19,EMD BRAU|1/3|P12|KR6BNEB9,ESTRELLA DAMM|1/2|UNI|KR00129,C_brand,3BNEBL23,ED12LTW,2.4446,1
19,EMD BRAU|1/3|P12|KR6BNEB9,ESTRELLA DAMM|1/2|UNI|KR02047,C_brand,3BNEBL23,EXB12LBY,3.8464,1
19,EMD BRAU|1/3|P12|KR6BNEB9,ESTRELLA DAMM|1/2|UNI|KR03112,C_brand,3BNEBLD2,EX12LTBK,0.8057,1
19,EMD BRAU|1/3|P12|KR6BNEB9,ESTRELLA DAMM|1/3|P12|KR00443,C_brand,3BNEBL23,ED13LP12,1.19,2
19,EMD BRAU|1/3|P12|KR6BNEB9,ESTRELLA DAMM|1/3|P24|KR00443,C_brand,3BNEBL23,ED13P24M,0.3844,1
19,EMD BRAU|1/3|P12|KR6BNEB9,ESTRELLA DAMM|1/3|UNI|KR02337,C_brand,3BNEBL23,EX1324BN,1.3962,2
19,EMD BRAU|1/3|P12|KR6BNEB9,ESTRELLA NON-ALCOHOLIC|1/3|P24|KR02104,C_brand,3BNEBL23,ENB13LB,0.5114,1
19,EMD BRAU|1/3|P12|KR6BNEB9,GRANDE|2/5|UNI|KR6BNG31,C_brand,3BNEBL23,7BNG3LB2,0.9022,1
19,EMD BRAU|1/3|P12|KR6BNEB9,INNIS & GUNN|1/3|P24|KR6BNIG0,C_brand,3BNEBL23,3BNIGLB0,0.1256,1
19,ESTRELLA DAMM|1/2|UNI|KR00127,ESTRELLA DAMM|1/2|UNI|KR02042,C_envase,ED12LTW,EX1224LB,0.7317,2
19,ESTRELLA DAMM|1/2|UNI|KR00127,ESTRELLA DAMM|1/2|UNI|KR02043,C_envase,ED12LTW,EX1224LI,1.0708,1
19,ESTRELLA DAMM|1/2|UNI|KR00127,ESTRELLA DAMM|1/3|P12|KR00441,C_vol,ED12LTW,ED13LP12,2.4234,2
19,ESTRELLA DAMM|1/2|UNI|KR00127,ESTRELLA DAMM|1/3|UNI|KR00441,C_vol,ED12LTW,ED13LTW,4.5311,3
19,ESTRELLA DAMM|1/2|UNI|KR00127,VOLL DAMM|1/2|UNI|KR02702,C_brand,ED12LTW,VO12LT,1.0024,1
19,ESTRELLA DAMM|1/2|UNI|KR00127,XIBECA|1/2|UNI|KR00203,C_brand,ED12LTW,XI12LT,1.7376,1
19,ESTRELLA DAMM|1/2|UNI|KR00129,DAMM LEMON|1/2|UNI|KR07100,C_brand,ED12LTW,DL12LT,0.8277,1
19,ESTRELLA DAMM|1/2|UNI|KR00129,ESTRELLA DAMM|1/2|UNI|KR02048,C_envase,ED12LTW,EX12LBN,0.8427,1
19,ESTRELLA DAMM|1/2|UNI|KR00129,ESTRELLA DAMM|1/2|UNI|KR03113,C_envase,ED12LTW,EDB12LBY,1.1939,2
19,ESTRELLA DAMM|1/2|UNI|KR00129,ESTRELLA DAMM|1/3|UNI|KR00443,C_vol,ED12LTW,ED13LTW,2.4272,1
19,ESTRELLA DAMM|1/2|UNI|KR00129,ESTRELLA LEVANTE|1/2|UNI|KR05506,C_brand,ED12LTW,LC12LTW,1.4471,1
19,ESTRELLA DAMM|1/2|UNI|KR00129,ESTRELLA NON-ALCOHOLIC|1/2|P24|KR04300,C_brand,ED12LTW,EN12B24I,0.6956,0
19,ESTRELLA DAMM|1/2|UNI|KR00129,ESTRELLA NON-ALCOHOLIC|1/3|UNI|KR01620,C_brand,ED12LTW,EN13B24I,0.8597,1
19,ESTRELLA DAMM|1/2|UNI|KR00129,VICTORIA|1/2|UNI|KR82805,C_brand,ED12LTW,VI12LTW,0.3212,1
19,ESTRELLA DAMM|1/2|UNI|KR00129,VICTORIA|1/2|UNI|KR82809,C_brand,ED12LTW,VI12LTW,2.5781,1
19,ESTRELLA DAMM|1/2|UNI|KR00129,VICTORIA|1/3|UNI|KR81120,C_brand,ED12LTW,VI13LB24,0.5265,1
19,ESTRELLA DAMM|1/2|UNI|KR00129,XIBECA|1/2|UNI|KR00204,C_brand,ED12LTW,XI12LT,0.6006,1
19,ESTRELLA DAMM|1/2|UNI|KR02037,ESTRELLA DAMM|1/3|P24|KR02332,C_vol,EX12B24I,EX13LBAN,0.6143,1
19,ESTRELLA DAMM|1/2|UNI|KR02037,GRANDE|2/5|UNI|KR6BNG30,C_brand,EX12B24I,7BNG3LB0,0.7219,1
19,ESTRELLA DAMM|1/2|UNI|KR02041,ESTRELLA DAMM|1/3|UNI|KR02333,C_vol,EX12LTBN,EX13L24B,0.5775,2
19,ESTRELLA DAMM|1/2|UNI|KR02042,DAMM LEMON|1/3|PACK|KR00927,C_brand,EX1224LB,DL13LP4A,1.3044,1
19,ESTRELLA DAMM|1/2|UNI|KR02042,ESTRELLA DAMM|1/2|UNI|KR02043,C_envase,EX1224LB,EX1224LI,3.6747,3
19,ESTRELLA DAMM|1/2|UNI|KR02042,ESTRELLA DAMM|1/2|UNI|KR02045,C_envase,EX1224LB,EX12LB,2.4264,4
19,ESTRELLA DAMM|1/2|UNI|KR02042,ESTRELLA DAMM|1/2|UNI|KR02050,C_envase,EX1224LB,EX12LB24,4.0539,2
19,ESTRELLA DAMM|1/2|UNI|KR02042,ESTRELLA DAMM|1/2|UNI|KR03112,C_envase,EX1224LB,EX12LTBK,0.7826,1
19,ESTRELLA DAMM|1/2|UNI|KR02042,FREE DAMM|1/3|PACK|KR00038,C_brand,EX1224LB,FD13LP12,0.8796,1
19,ESTRELLA DAMM|1/2|UNI|KR02043,ESTRELLA DAMM|1/2|UNI|KR02037,C_envase,EX1224LI,EX12B24I,0.5867,1
19,ESTRELLA DAMM|1/2|UNI|KR02043,ESTRELLA DAMM|1/2|UNI|KR02045,C_envase,EX1224LI,EX12LB,1.7773,7
19,ESTRELLA DAMM|1/2|UNI|KR02045,DAMM LEMON|1/3|PACK|KR00927,C_brand,EX12LB,DL13LP4A,0.9504,1
19,ESTRELLA DAMM|1/2|UNI|KR02045,ESTRELLA DAMM|1/2|UNI|KR02047,C_envase,EX12LB,EXB12LBY,1.4358,1
19,ESTRELLA DAMM|1/2|UNI|KR02045,ESTRELLA DAMM|1/2|UNI|KR03112,C_envase,EX12LB,EX12LTBK,0.6138,4
19,ESTRELLA DAMM|1/2|UNI|KR02045,ESTRELLA DAMM|1/3|P12|KR00443,C_vol,EX12LB,ED13LP12,1.4149,1
19,ESTRELLA DAMM|1/2|UNI|KR02045,ESTRELLA DAMM|1/3|P24|KR02332,C_vol,EX12LB,EX13LBUK,3.5292,1
19,ESTRELLA DAMM|1/2|UNI|KR02045,ESTRELLA DAMM|1/3|UNI|KR00444,C_vol,EX12LB,ED13LTCW,2.2447,1
19,ESTRELLA DAMM|1/2|UNI|KR02045,ESTRELLA DAMM|1/3|UNI|KR02337,C_vol,EX12LB,EX1324BN,2.0114,2
19,ESTRELLA DAMM|1/2|UNI|KR02045,ESTRELLA LEVANTE|1/2|UNI|KR05503,C_brand,EX12LB,LC12LTW,0.5401,3
19,ESTRELLA DAMM|1/2|UNI|KR02045,INEDIT|1/2|UNI|KR03307,C_brand,EX12LB,ID12LBN,1.492,1
19,ESTRELLA DAMM|1/2|UNI|KR02046,ESTRELLA DAMM|1/2|UNI|KR02042,C_envase,EX1224BI,EX1224LB,1.9257,1
19,ESTRELLA DAMM|1/2|UNI|KR02046,ESTRELLA DAMM|1/2|UNI|KR02045,C_envase,EX1224BI,EX12LB,0.8033,1
19,ESTRELLA DAMM|1/2|UNI|KR02047,ESTRELLA DAMM|1/2|UNI|KR02043,C_envase,EXB12LBY,EX1224LI,1.7125,1
19,ESTRELLA DAMM|1/2|UNI|KR02047,ESTRELLA DAMM|1/3|P24|KR02338,C_vol,EXB12LBY,EX13LUKB,7.5278,1
19,ESTRELLA DAMM|1/2|UNI|KR02047,ESTRELLA DAMM|1/3|UNI|KR02610,C_vol,EXB12LBY,EXB13LTB,0.9237,1
19,ESTRELLA DAMM|1/2|UNI|KR02048,ESTRELLA DAMM|1/2|UNI|KR03114,C_envase,EX12LBN,EXB12LBI,1.1785,1
19,ESTRELLA DAMM|1/2|UNI|KR03111,FREE DAMM|1/3|PACK|KR00038,C_brand,EXB12LIB,FD13LP4A,0.855,2
19,ESTRELLA DAMM|1/2|UNI|KR03112,CARLSBERG|1/2|UNI|KR05701,C_brand,EX12LTBK,CB12LTF,0.3767,1
19,ESTRELLA DAMM|1/2|UNI|KR03112,ESTRELLA DAMM|1/2|UNI|KR02041,C_envase,EX12LTBK,EX12LTBN,1.9391,1
19,ESTRELLA DAMM|1/2|UNI|KR03112,ESTRELLA DAMM|1/2|UNI|KR03114,C_envase,EX12LTBK,EXB12LBI,1.4937,1
19,ESTRELLA DAMM|1/2|UNI|KR03112,ESTRELLA DAMM|1/3|P24|KR02338,C_vol,EX12LTBK,EX13LTBA,1.5788,1
19,ESTRELLA DAMM|1/2|UNI|KR03112,ESTRELLA DAMM|2/5|UNI|KR06102,C_vol,EX12LTBK,EX25L10A,0.5827,1
19,ESTRELLA DAMM|1/2|UNI|KR03112,ESTRELLA LEVANTE|1/2|UNI|KR05503,C_brand,EX12LTBK,LC12LTW,1.2506,2
19,ESTRELLA DAMM|1/2|UNI|KR03112,ESTRELLA LEVANTE|1/2|UNI|KR05505,C_brand,EX12LTBK,LC12LTW,0.7297,1
19,ESTRELLA DAMM|1/2|UNI|KR03112,FREE DAMM|1/3|PACK|KR00038,C_brand,EX12LTBK,FD13LP4A,1.3936,1
19,ESTRELLA DAMM|1/2|UNI|KR03113,ESTRELLA DAMM|1/2|UNI|KR00129,C_envase,EDB12LBY,ED12LTW,1.8476,1
19,ESTRELLA DAMM|1/2|UNI|KR03113,ESTRELLA DAMM|1/2|UNI|KR02045,C_envase,EDB12LBY,EX12LB,1.1126,1
19,ESTRELLA DAMM|1/2|UNI|KR03113,ESTRELLA DAMM|1/2|UNI|KR02047,C_envase,EXB12BKT,EXB12LBY,3.7133,1
19,ESTRELLA DAMM|1/2|UNI|KR03113,ESTRELLA DAMM|1/2|UNI|KR03113,C0_self,EDB12LBY,EXB12BKT,0.586,1
19,ESTRELLA DAMM|1/2|UNI|KR03113,ESTRELLA NON-ALCOHOLIC|1/3|UNI|KR01620,C_brand,EDB12LBY,EN13B24I,0.7964,2
19,ESTRELLA DAMM|1/2|UNI|KR03113,ESTRELLA NON-ALCOHOLIC|1/3|UNI|KR01621,C_brand,EXB12BKT,EN13LB24,0.5805,1
19,ESTRELLA DAMM|1/2|UNI|KR03113,FREE DAMM LIMON|1/3|UNI|KR01818,C_brand,EXB12BKT,FDL13LN,1.1562,1
19,ESTRELLA DAMM|1/2|UNI|KR03114,ESTRELLA DAMM|1/2|UNI|KR03111,C_envase,EXB12LBI,EXB12LIB,0.9329,1
19,ESTRELLA DAMM|1/2|UNI|KR03114,ESTRELLA LEVANTE|1/2|UNI|KR05506,C_brand,EXB12LBI,LC12LTW,1.3562,1
19,ESTRELLA DAMM|1/2|UNI|KR03114,KELER|1/2|UNI|KR82407,C_brand,EXB12LBI,KE12LTW,0.6913,3
19,ESTRELLA DAMM|1/2|UNI|KR03114,SHEKELS|1/3|P24|KR6BNHJ2,C_brand,EXB12LBI,3BNHJLB2,1.3433,1
19,ESTRELLA DAMM|1/3|P12|KR00441,DAMM LEMON|1/3|PACK|KR00927,C_brand,ED13LP12,DL13LP4A,2.0814,1
19,ESTRELLA DAMM|1/3|P12|KR00441,ESTRELLA DAMM|1/2|UNI|KR02041,C_vol,ED13LP12,EX12LTBN,0.5874,1
19,ESTRELLA DAMM|1/3|P12|KR00441,ESTRELLA DAMM|1/2|UNI|KR02045,C_vol,ED13LP12,EX12LB,1.8321,1
19,ESTRELLA DAMM|1/3|P12|KR00441,ESTRELLA DAMM|1/2|UNI|KR02047,C_vol,ED13LP12,EXB12LBY,2.9628,1
19,ESTRELLA DAMM|1/3|P12|KR00441,ESTRELLA DAMM|1/2|UNI|KR03113,C_vol,ED13P12M,EDB12LBY,0.6226,2
19,ESTRELLA DAMM|1/3|P12|KR00441,ESTRELLA DAMM|1/3|P12|KR00441,C0_self,ED13LP12,ED13P12M,1.6043,7
19,ESTRELLA DAMM|1/3|P12|KR00441,ESTRELLA DAMM|1/3|UNI|KR02333,C_pack,ED13P12M,EX13L24B,1.7493,1
19,ESTRELLA DAMM|1/3|P12|KR00441,ESTRELLA NON-ALCOHOLIC|1/3|UNI|KR01620,C_brand,ED13P12M,EN13B24I,0.7869,1
19,ESTRELLA DAMM|1/3|P12|KR00441,ESTRELLA NON-ALCOHOLIC|1/3|UNI|KR01621,C_brand,ED13P12M,EN13LB24,0.6293,3
19,ESTRELLA DAMM|1/3|P12|KR00441,FREE DAMM LIMON|1/3|PACK|KR01818,C_brand,ED13P12M,FDL13L12,0.716,1
19,ESTRELLA DAMM|1/3|P12|KR00441,FREE DAMM LIMON|1/3|UNI|KR01818,C_brand,ED13P12M,FDL13LN,0.8716,1
19,ESTRELLA DAMM|1/3|P12|KR00441,ROSA BLANCA|1/3|P12|KR03502,C_brand,ED13LP12,RB13L12N,0.3145,1
19,ESTRELLA DAMM|1/3|P12|KR00441,VOLL DAMM|1/3|P12|KR00525,C_brand,ED1312MZ,VO13P12M,1.6,1
19,ESTRELLA DAMM|1/3|P12|KR00443,EMD BRAU|1/3|P12|KR6BNEB9,C_brand,ED13P12M,3BNEBL23,2.4017,2
19,ESTRELLA DAMM|1/3|P12|KR00443,ESTRELLA DAMM|1/2|UNI|KR02042,C_vol,ED13P12M,EX1224LB,1.2442,1
19,ESTRELLA DAMM|1/3|P12|KR00443,ESTRELLA DAMM|1/3|P12|KR00443,C0_self,ED13LP12,ED13P12M,2.5321,13
19,ESTRELLA DAMM|1/3|P12|KR00443,ESTRELLA DAMM|1/3|P24|KR02337,C_pack,ED13P12M,EX13LTIB,0.7002,1
19,ESTRELLA DAMM|1/3|P12|KR00443,ESTRELLA DAMM|1/3|UNI|KR00444,C_pack,ED13LP12,ED13LTCW,0.9008,2
19,ESTRELLA DAMM|1/3|P12|KR00443,ESTRELLA DAMM|1/3|UNI|KR02337,C_pack,ED13P12M,EX1324BN,2.2945,1
19,ESTRELLA DAMM|1/3|P12|KR00443,ESTRELLA NON-ALCOHOLIC|1/3|P24|KR02104,C_brand,ED1312MZ,ENB13LB,0.5165,1
19,ESTRELLA DAMM|1/3|P12|KR00443,ESTRELLA NON-ALCOHOLIC|1/3|UNI|KR01620,C_brand,ED13P12M,EN13B24I,1.3059,1
19,ESTRELLA DAMM|1/3|P12|KR00443,ESTRELLA NON-ALCOHOLIC|2/5|P24|KR04200,C_brand,ED1312MZ,EN25LBUK,2.0882,2
19,ESTRELLA DAMM|1/3|P12|KR00443,GRANDE|2/5|UNI|KR6BNG31,C_brand,ED13P12M,7BNG3LB2,1.3172,1
19,ESTRELLA DAMM|1/3|P12|KR00443,KELER|1/3|P12|KR80025,C_brand,ED13P12M,KE13PL12,0.933,1
19,ESTRELLA DAMM|1/3|P12|KR00443,LA FRÍA|1/3|P24|KR6BNZF1,C_brand,ED1312MZ,3BNZFLB1,2.2638,2
19,ESTRELLA DAMM|1/3|P12|KR00443,SABOR|1/2|UNI|KR6BNNN1,C_brand,ED13LP12,5BNNNLB1,1.3619,1
19,ESTRELLA DAMM|1/3|P12|KR00443,SABOR|2/5|UNI|KR6BNNN2,C_brand,ED13LP12,7BNNNLB0,2.23,1
19,ESTRELLA DAMM|1/3|P12|KR00443,SAN MARCOS|2/5|UNI|KR6BNS90,C_brand,ED13LP12,7BNS9LB1,0.6699,1
19,ESTRELLA DAMM|1/3|P12|KR00443,VOLL DAMM|1/3|P12|KR00528,C_brand,ED13LP12,VO13PL12,1.5233,5
19,ESTRELLA DAMM|1/3|P12|KR00443,XIBECA|1/3|P12|KR00719,C_brand,ED1312MZ,XI13LP12,0.5211,1
19,ESTRELLA DAMM|1/3|P12|KR02335,ESTRELLA DAMM|1/3|P12|KR02340,C_envase,EX13L12H,EX13L12I,0.904,1
19,ESTRELLA DAMM|1/3|P12|KR02335,FREE DAMM TOSTADA|1/3|PACK|KR04806,C_brand,EX13L12H,FDT1312N,0.444,1
19,ESTRELLA DAMM|1/3|P12|KR02340,ROSA BLANCA|1/3|P12|KR03503,C_brand,EX13L12I,RB13L12N,1.162,1
19,ESTRELLA DAMM|1/3|P24|KR00441,ESTRELLA DAMM|1/3|P24|KR00441,C0_self,ED13P24M,ED1324MZ,4.1662,1
19,ESTRELLA DAMM|1/3|P24|KR00441,XIBECA|1/3|UNI|KR00716,C_brand,ED1324MZ,XI13LTN,0.7345,1
19,ESTRELLA DAMM|1/3|P24|KR00443,EMD BRAU|1/3|P12|KR6BNEB9,C_brand,ED13P24M,3BNEBL23,2.0893,1
19,ESTRELLA DAMM|1/3|P24|KR00443,ESTRELLA DAMM|1/3|P24|KR00443,C0_self,ED13LP24,ED13P24M,1.7701,1
19,ESTRELLA DAMM|1/3|P24|KR00443,ESTRELLA NON-ALCOHOLIC|2/5|P24|KR04200,C_brand,ED13P24M,EN25LBUK,0.9413,1
19,ESTRELLA DAMM|1/3|P24|KR02332,ESTRELLA DAMM|1/2|UNI|KR00127,C_vol,EX13LBUK,ED12LTW,1.2201,1
19,ESTRELLA DAMM|1/3|P24|KR02332,ESTRELLA DAMM|1/2|UNI|KR02047,C_vol,EX13LBUK,EXB12LBY,1.9703,1
19,ESTRELLA DAMM|1/3|P24|KR02332,ESTRELLA DAMM|1/2|UNI|KR03113,C_vol,EX13LBUK,EDB12LBY,0.5413,1
19,ESTRELLA DAMM|1/3|P24|KR02332,ESTRELLA DAMM|1/3|P12|KR00441,C_pack,EX13LBAN,ED13LP12,3.7486,1
19,ESTRELLA DAMM|1/3|P24|KR02332,ESTRELLA DAMM|1/3|P24|KR02332,C0_self,EX13LBAN,EX13LBUK,1.7803,1
19,ESTRELLA DAMM|1/3|P24|KR02332,ESTRELLA DAMM|1/3|P24|KR02336,C_envase,EX13LBAN,EX13LTBA,3.6558,2
19,ESTRELLA DAMM|1/3|P24|KR02332,ESTRELLA DAMM|1/3|UNI|KR02320,C_pack,EX13LBAN,EX13LBLN,2.8246,1
19,ESTRELLA DAMM|1/3|P24|KR02332,ESTRELLA DAMM|2/5|UNI|KR06103,C_vol,EX13LBUK,EX25L10A,3.2762,3
19,ESTRELLA DAMM|1/3|P24|KR02332,FREE DAMM|1/3|PACK|KR00036,C_brand,EX13LBUK,FD13LP12,0.8174,3
19,ESTRELLA DAMM|1/3|P24|KR02332,INEDIT|1/2|UNI|KR03307,C_brand,EX13LBAN,ID12LBN,1.655,1
19,ESTRELLA DAMM|1/3|P24|KR02332,VOLL DAMM|1/2|UNI|KR02702,C_brand,EX13LBUK,VO12LT,1.4984,1
19,ESTRELLA DAMM|1/3|P24|KR02333,ESTRELLA DAMM|1/2|UNI|KR03113,C_vol,EX13LTBI,EXB12BKT,0.0046,0
19,ESTRELLA DAMM|1/3|P24|KR02333,ESTRELLA DAMM|1/3|P24|KR02336,C_envase,EX13LTBI,EX13LUKB,0.5709,1
19,ESTRELLA DAMM|1/3|P24|KR02333,SKOL|1/3|UNI|KR80115,C_brand,EX13LTBI,SK13LN,0.6999,1
19,ESTRELLA DAMM|1/3|P24|KR02336,ESTRELLA DAMM|1/2|UNI|KR02047,C_vol,EX13LUKB,EXB12LBY,5.2717,1
19,ESTRELLA DAMM|1/3|P24|KR02336,ESTRELLA DAMM|1/3|P24|KR02333,C_envase,EX13LTBA,EX13LTBI,1.5243,1
19,ESTRELLA DAMM|1/3|P24|KR02337,ESTRELLA DAMM|1/3|P12|KR00443,C_pack,EX13LTIB,ED13P12M,4.0487,2
19,ESTRELLA DAMM|1/3|P24|KR02337,FREE DAMM|1/3|PACK|KR00038,C_brand,EX13LTIB,FD13LP12,0.9396,4
19,ESTRELLA DAMM|1/3|P24|KR02337,VICTORIA|1/2|UNI|KR82806,C_brand,EX13LTIB,VI12LTX,1.9229,1
19,ESTRELLA DAMM|1/3|P24|KR02337,VICTORIA|1/3|UNI|KR81120,C_brand,EX13LTIB,VI13LB24,1.4181,1
19,ESTRELLA DAMM|1/3|P24|KR02338,DAMM LEMON|1/2|UNI|KR07100,C_brand,EX13LUKB,DL12LT,1.7281,1
19,ESTRELLA DAMM|1/3|P24|KR02338,ESTRELLA DAMM|1/3|P24|KR02338,C0_self,EX13LTBA,EX13LUKB,3.9933,1
19,ESTRELLA DAMM|1/3|P24|KR02338,ESTRELLA LEVANTE|1/2|UNI|KR05503,C_brand,EX13LTBA,LC12LTW,2.0439,1
19,ESTRELLA DAMM|1/3|P24|KR02342,FREE DAMM|1/3|PACK|KR00038,C_brand,EX1324NB,FD13LP12,0.4175,1
19,ESTRELLA DAMM|1/3|UNI|KR00440,ESTRELLA DAMM|1/3|P12|KR00441,C_pack,ED13LTCW,ED13P12M,6.2053,1
19,ESTRELLA DAMM|1/3|UNI|KR00440,ESTRELLA DAMM|1/3|UNI|KR02333,C_envase,ED13LTCW,EX13L24B,2.8986,1
19,ESTRELLA DAMM|1/3|UNI|KR00440,ESTRELLA NON-ALCOHOLIC|1/3|UNI|KR01621,C_brand,ED13LTCW,EN13LB24,0.8798,1
19,ESTRELLA DAMM|1/3|UNI|KR00441,ESTRELLA DAMM|1/2|UNI|KR02045,C_vol,ED13LTW,EX12LB,0.4675,1
19,ESTRELLA DAMM|1/3|UNI|KR00441,ESTRELLA DAMM|1/3|P12|KR00441,C_pack,ED13LTW,ED13P12M,3.5903,4
19,ESTRELLA DAMM|1/3|UNI|KR00441,ESTRELLA DAMM|1/3|P24|KR00441,C_pack,ED13LTW,ED13P24M,0.5029,1
19,ESTRELLA DAMM|1/3|UNI|KR00441,ESTRELLA DAMM|1/3|UNI|KR00441,C0_self,ED13LTW,ED13LTW,0.5349,1
19,ESTRELLA DAMM|1/3|UNI|KR00441,ESTRELLA DAMM|1/3|UNI|KR02333,C_envase,ED13LTW,EX13L24B,1.0201,1
19,ESTRELLA DAMM|1/3|UNI|KR00441,SABOR|1/2|UNI|KR6BNNN1,C_brand,ED13LTW,5BNNNLB1,1.4683,1
19,ESTRELLA DAMM|1/3|UNI|KR00443,DAMM LEMON|1/3|PACK|KR00927,C_brand,ED13LTW,DL13LP4A,2.4863,1
19,ESTRELLA DAMM|1/3|UNI|KR00443,ESTRELLA DAMM|1/2|UNI|KR02042,C_vol,ED13LTW,EX1224LB,1.9144,1
19,ESTRELLA DAMM|1/3|UNI|KR00443,ESTRELLA DAMM|1/2|UNI|KR03112,C_vol,ED13LTW,EX12LTBK,0.84,1
19,ESTRELLA DAMM|1/3|UNI|KR00443,ESTRELLA DAMM|1/3|P12|KR00443,C_pack,ED13LTW,ED13LP12,1.6033,2
19,ESTRELLA DAMM|1/3|UNI|KR00443,ESTRELLA DAMM|1/3|UNI|KR02611,C_envase,ED13LTW,EXB13LBN,0.8022,1
19,ESTRELLA DAMM|1/3|UNI|KR00443,FREE DAMM|1/3|PACK|KR00038,C_brand,ED13LTW,FD13LP12,0.0009,0
19,ESTRELLA DAMM|1/3|UNI|KR00443,SABOR|1/2|UNI|KR6BNNN1,C_brand,ED13LTW,5BNNNLB1,2.6273,1
19,ESTRELLA DAMM|1/3|UNI|KR00444,ESTRELLA DAMM|1/3|P12|KR02335,C_pack,ED13LTCW,EX13L12H,0.9938,1
19,ESTRELLA DAMM|1/3|UNI|KR02320,ESTRELLA DAMM|1/3|P24|KR02333,C_pack,EX13LBLN,EX13LTBI,1.0577,1
19,ESTRELLA DAMM|1/3|UNI|KR02333,ESTRELLA DAMM|1/3|P24|KR02332,C_pack,EX13L24B,EX13LBUK,2.0333,4
19,ESTRELLA DAMM|1/3|UNI|KR02333,GRANDE|2/5|UNI|KR6BNG30,C_brand,EX13L24B,7BNG3LB1,2.0804,1
19,ESTRELLA DAMM|1/3|UNI|KR02333,INNIS & GUNN|1/3|P24|KR6BNIG0,C_brand,EX13L24B,3BNIGLB0,0.9779,1
19,ESTRELLA DAMM|1/3|UNI|KR02337,ESTRELLA DAMM|1/3|P24|KR02337,C_pack,EX1324BN,EX13LTIB,0.4723,4
19,ESTRELLA DAMM|1/3|UNI|KR02337,ESTRELLA DAMM|1/3|P24|KR02338,C_pack,EX1324BN,EX13LTBA,1.3043,1
19,ESTRELLA DAMM|1/3|UNI|KR02337,ESTRELLA LEVANTE|1/2|UNI|KR05506,C_brand,EX1324BN,LC12LTW,0.7019,1
19,ESTRELLA DAMM|1/3|UNI|KR02337,ESTRELLA NON-ALCOHOLIC|1/3|UNI|KR01621,C_brand,EX1324BN,EN13LB24,0.8386,1
19,ESTRELLA DAMM|1/3|UNI|KR02337,ESTRELLA NON-ALCOHOLIC|1/3|UNI|KR04401,C_brand,EX1324BN,EN13L24B,0.7796,1
19,ESTRELLA DAMM|1/3|UNI|KR02337,KELER|1/3|P12|KR80025,C_brand,EX1324BN,KE13PL12,0.8218,1
19,ESTRELLA DAMM|1/3|UNI|KR02337,SABOR|2/5|UNI|KR6BNNN2,C_brand,EX1324BN,7BNNNLB0,4.9356,1
19,ESTRELLA DAMM|1/3|UNI|KR02337,TURIA MARZEN|1/3|PACK|KR00607,C_brand,EX1324BN,TU13LP12,0.8751,1
19,ESTRELLA DAMM|1/3|UNI|KR02610,FREE DAMM|1/2|UNI|KR06200,C_brand,EXB13LTB,FD12LTBI,1.0359,1
19,ESTRELLA DAMM|1/3|UNI|KR02610,GRANDE|2/5|UNI|KR6BNG31,C_brand,EXB13LTB,7BNG3LB2,0.4041,1
19,ESTRELLA DAMM|2/5|UNI|KR06102,ESTRELLA DAMM|1/2|UNI|KR03111,C_vol,EX25L10A,EXB12LIB,3.8964,1
19,ESTRELLA DAMM|2/5|UNI|KR06102,ESTRELLA DAMM|1/3|P12|KR00441,C_vol,EX25LBAN,ED13LP12,2.8092,1
19,ESTRELLA DAMM|2/5|UNI|KR06102,ESTRELLA LEVANTE|1/2|UNI|KR05503,C_brand,EX25L10A,LC12LTW,0.4547,1
19,ESTRELLA DAMM|2/5|UNI|KR06102,FREE DAMM|1/3|PACK|KR00036,C_brand,EX25LBAN,FD13LP12,0.7063,1
19,ESTRELLA DAMM|2/5|UNI|KR06102,GRANDE|2/5|UNI|KR6BNG31,C_brand,EX25LBAN,7BNG3LB2,1.2112,1
19,ESTRELLA DAMM|2/5|UNI|KR06103,ESTRELLA DAMM|2/5|UNI|KR06103,C0_self,EX25L10A,EX25LBAN,2.6832,2
19,ESTRELLA DAMM|2/5|UNI|KR06103,ESTRELLA DAMM|2/5|UNI|KR06104,C_envase,EX25LBAN,EX25LBAY,0.1417,1
19,ESTRELLA DAMM|2/5|UNI|KR06103,FREE DAMM|1/3|PACK|KR00036,C_brand,EX25LBAN,FD13LP4A,1.1097,3
19,ESTRELLA DAMM|2/5|UNI|KR06103,INNIS & GUNN|1/3|P24|KR6BNIG0,C_brand,EX25LBAN,3BNIGLB0,1.3275,1
19,ESTRELLA DAMM|2/5|UNI|KR06103,KELER|1/3|P12|KR80025,C_brand,EX25LBAN,KE13PL12,0.5022,1
19,ESTRELLA DAMM|2/5|UNI|KR06104,ESTRELLA DAMM|1/2|UNI|KR03113,C_vol,EX25LBAY,EXB12BKT,0.0385,0
19,ESTRELLA DAMM|2/5|UNI|KR06104,Molen|1/3|P24|KR6BNML5,C_brand,EX25LBAY,3BVMLLB0,2.9464,1
19,ESTRELLA LEVANTE|1/2|UNI|KR05503,ESTRELLA DAMM|1/3|P12|KR00443,C_brand,LC12LTW,ED1312MZ,0.6069,1
19,ESTRELLA LEVANTE|1/2|UNI|KR05503,TURIA MARZEN|1/3|PACK|KR00607,C_brand,LC12LTW,TU13LP12,1.3603,1
19,ESTRELLA LEVANTE|1/2|UNI|KR05503,VICTORIA|1/2|UNI|KR82805,C_brand,LC12LTW,VI12LTW,1.396,6
19,ESTRELLA LEVANTE|1/2|UNI|KR05503,VICTORIA|1/2|UNI|KR82806,C_brand,LC12LTW,VI12LTX,1.2001,2
19,ESTRELLA LEVANTE|1/2|UNI|KR05503,VICTORIA|1/2|UNI|KR82808,C_brand,LC12LTW,VI12LTW,2.3131,2
19,ESTRELLA LEVANTE|1/2|UNI|KR05503,VOLL DAMM|1/2|UNI|KR02702,C_brand,LC12LTNN,VO12LT,0.6686,2
19,ESTRELLA LEVANTE|1/2|UNI|KR05505,VICTORIA|1/2|UNI|KR82809,C_brand,LC12LTW,VI12LTW,1.5667,1
19,ESTRELLA LEVANTE|1/2|UNI|KR05506,VICTORIA|1/2|UNI|KR82808,C_brand,LC12LTW,VI12LTW,0.8591,1
19,ESTRELLA LEVANTE|1/2|UNI|KR05506,VICTORIA|1/2|UNI|KR82809,C_brand,LC12LTW,VI12LTW,2.5996,2
19,ESTRELLA LEVANTE|1/2|UNI|KR05506,VOLL DAMM|1/3|P12|KR00528,C_brand,LC12LTW,VO13PL12,0.8413,1
19,ESTRELLA NON-ALCOHOLIC|1/2|P24|KR04300,ESTRELLA DAMM|1/2|UNI|KR03114,C_brand,EN12B24I,EXB12LBI,0.7087,1
19,ESTRELLA NON-ALCOHOLIC|1/3|P24|KR02104,ESTRELLA DAMM|1/2|UNI|KR02042,C_brand,ENB13LB,EX1224LB,0.4045,2
19,ESTRELLA NON-ALCOHOLIC|1/3|P24|KR02104,FREE DAMM|1/3|PACK|KR00038,C_brand,ENB13LB,FD13LP12,0.4196,1
19,ESTRELLA NON-ALCOHOLIC|1/3|P24|KR02104,KELER|1/3|P12|KR80025,C_brand,ENB13LB,KE13PL12,0.8446,1
19,ESTRELLA NON-ALCOHOLIC|1/3|UNI|KR01620,ESTRELLA DAMM|1/2|UNI|KR02042,C_brand,EN13B24I,EX1224LB,0.9268,1
19,ESTRELLA NON-ALCOHOLIC|1/3|UNI|KR01620,ESTRELLA DAMM|1/2|UNI|KR02045,C_brand,EN13B24I,EX12LB,1.3366,1
19,ESTRELLA NON-ALCOHOLIC|1/3|UNI|KR01620,ESTRELLA DAMM|1/3|UNI|KR02333,C_brand,EN13B24I,EX13L24B,0.8712,1
19,ESTRELLA NON-ALCOHOLIC|1/3|UNI|KR01620,ESTRELLA NON-ALCOHOLIC|1/3|UNI|KR01621,C_envase,EN13B24I,EN13LB24,1.7708,1
19,ESTRELLA NON-ALCOHOLIC|1/3|UNI|KR01620,ESTRELLA NON-ALCOHOLIC|1/3|UNI|KR04401,C_envase,EN13B24I,EN13L24B,0.7469,1
19,ESTRELLA NON-ALCOHOLIC|1/3|UNI|KR01621,ESTRELLA DAMM|1/2|UNI|KR02042,C_brand,EN13LB24,EX1224LB,1.2014,1
19,ESTRELLA NON-ALCOHOLIC|1/3|UNI|KR01621,ESTRELLA DAMM|1/2|UNI|KR02043,C_brand,EN13LB24,EX1224LI,4.8722,1
19,ESTRELLA NON-ALCOHOLIC|1/3|UNI|KR01621,ESTRELLA DAMM|1/2|UNI|KR03113,C_brand,EN13LB24,EDB12LBY,1.3992,1
19,ESTRELLA NON-ALCOHOLIC|1/3|UNI|KR01621,ESTRELLA DAMM|1/3|P24|KR02332,C_brand,EN13LB24,EX13LBAN,1.0274,1
19,ESTRELLA NON-ALCOHOLIC|1/3|UNI|KR01621,ESTRELLA DAMM|2/5|UNI|KR06102,C_brand,EN13LB24,EX25LBAN,1.6181,1
19,ESTRELLA NON-ALCOHOLIC|1/3|UNI|KR04401,LA FRÍA|1/3|P24|KR6BNZF1,C_brand,EN13L24B,3BNZFLB1,2.2484,1
19,ESTRELLA NON-ALCOHOLIC|2/5|P24|KR04200,DAMM LEMON|1/3|PACK|KR00927,C_brand,EN25LBUK,DL13LP4A,1.5427,1
19,ESTRELLA NON-ALCOHOLIC|2/5|P24|KR04200,ESTRELLA DAMM|1/3|P12|KR00443,C_brand,EN25LBUK,ED1312MZ,1.3447,1
19,ESTRELLA NON-ALCOHOLIC|2/5|P24|KR04200,ESTRELLA DAMM|1/3|P24|KR02337,C_brand,EN25LBUK,EX13LTIB,1.5235,1
19,ESTRELLA NON-ALCOHOLIC|2/5|P24|KR04200,FREE DAMM|1/3|PACK|KR00038,C_brand,EN25LBUK,FD13LP12,0.9784,2
19,ESTRELLA NON-ALCOHOLIC|2/5|P24|KR04200,TURIA MARZEN|1/3|PACK|KR00607,C_brand,EN25LBUK,TU13LP12,2.198,1
19,ESTRELLA NON-ALCOHOLIC|2/5|UNI|KR04200,SABOR|2/5|UNI|KR6BNNN2,C_brand,EN25LBUK,7BNNNLB0,0.8268,1
19,FREE DAMM LIMON|1/3|UNI|KR01818,ESTRELLA DAMM|1/3|P12|KR00441,C_brand,FDL13LN,ED1312MZ,0.4149,1
19,FREE DAMM LIMON|1/3|UNI|KR01818,GRANDE|2/5|UNI|KR6BNS90,C_brand,FDL13LN,7BNS9LB0,1.0353,1
19,FREE DAMM TOSTADA|1/3|PACK|KR04806,ESTRELLA LEVANTE|1/2|UNI|KR05503,C_brand,FDT1312N,LC12LTNN,0.7767,1
19,FREE DAMM TOSTADA|1/3|PACK|KR04806,VOLL DAMM|1/2|UNI|KR02702,C_brand,FDT1312N,VO12LT,0.232,1
19,FREE DAMM TOSTADA|1/3|PACK|KR04806,VOLL DAMM|1/2|UNI|KR02705,C_brand,FDT1312N,VO12LT,0.8961,1
19,FREE DAMM|1/2|UNI|KR06200,INEDIT|1/2|UNI|KR03307,C_brand,FD12LTBI,ID12LBN,1.4869,1
19,FREE DAMM|1/3|PACK|KR00036,ESTRELLA DAMM|1/3|P24|KR02332,C_brand,FD13LP4A,EX13LBAN,1.91,1
19,FREE DAMM|1/3|PACK|KR00036,ESTRELLA DAMM|1/3|UNI|KR02333,C_brand,FD13LP12,EX13L24B,0.7085,1
19,FREE DAMM|1/3|PACK|KR00036,FREE DAMM TOSTADA|1/3|PACK|KR04806,C_brand,FD13LP4A,FDT1312N,0.6707,1
19,FREE DAMM|1/3|PACK|KR00036,KELER|1/3|P12|KR80025,C_brand,FD13LP4A,KE13PL12,0.5918,3
19,FREE DAMM|1/3|PACK|KR00036,ROSA BLANCA|1/3|P12|KR03502,C_brand,FD13LP4A,RB13L12N,0.3462,1
19,FREE DAMM|1/3|PACK|KR00036,ROSA BLANCA|2/5|UNI|KR06301,C_brand,FD13LP12,RL25LBAN,1.6553,1
19,FREE DAMM|1/3|PACK|KR00036,TURIA MARZEN|1/3|PACK|KR00607,C_brand,FD13LP4A,TU13LP12,0.7731,1
19,FREE DAMM|1/3|PACK|KR00036,XIBECA|1/3|P12|KR00716,C_brand,FD13LP12,XI13L12M,0.336,1
19,FREE DAMM|1/3|PACK|KR00038,ESTRELLA LEVANTE|1/2|UNI|KR05503,C_brand,FD13LP4A,LC12LTW,0.5008,1
19,FREE DAMM|1/3|PACK|KR00038,ESTRELLA LEVANTE|1/2|UNI|KR05506,C_brand,FD13LP12,LC12LTW,0.2865,1
19,FREE DAMM|1/3|PACK|KR00038,FREE DAMM TOSTADA|1/3|PACK|KR04806,C_brand,FD13LP12,FDT1312N,1.1912,1
19,FREE DAMM|1/3|PACK|KR00038,FREE DAMM|1/3|PACK|KR00038,C0_self,FD13LP12,FD13LP4A,1.4058,1
19,FREE DAMM|1/3|PACK|KR00038,INEDIT|1/2|UNI|KR03307,C_brand,FD13LP12,ID12LBN,0.9825,2
19,FREE DAMM|1/3|PACK|KR00038,KELER|1/3|P12|KR80025,C_brand,FD13LP12,KE13PL12,0.9925,7
19,FREE DAMM|1/3|PACK|KR00038,KELER|1/3|P12|KR80026,C_brand,FD13LP12,KE13PL12,0.4828,1
19,FREE DAMM|1/3|PACK|KR00038,ROSA BLANCA|1/3|P12|KR03503,C_brand,FD13LP12,RB13L12N,0.8108,1
19,FREE DAMM|1/3|PACK|KR00038,VOLL DAMM|1/2|UNI|KR02705,C_brand,FD13LP4A,VO12LT,1.2026,1
19,GRANDE|2/5|UNI|KR6BNG30,DAMM LEMON|1/3|PACK|KR00927,C_brand,7BNG3LB0,DL13LP4A,0.8683,1
19,GRANDE|2/5|UNI|KR6BNG30,ESTRELLA DAMM|1/3|P24|KR02332,C_brand,7BNG3LB0,EX13LBUK,0.4325,1
19,GRANDE|2/5|UNI|KR6BNG30,GRANDE|2/5|UNI|KR6BNG31,C_envase,7BNG3LB1,7BNG3LB2,7.7556,1
19,GRANDE|2/5|UNI|KR6BNG30,SAN MARCOS|2/5|UNI|KR6BNS90,C_brand,7BNG3LB1,7BNS9LB1,1.1644,3
19,GRANDE|2/5|UNI|KR6BNG31,ESTRELLA DAMM|1/3|P12|KR00443,C_brand,7BNG3LB2,ED1312MZ,1.2358,1
19,GRANDE|2/5|UNI|KR6BNG31,ESTRELLA DAMM|1/3|UNI|KR02337,C_brand,7BNG3LB2,EX1324BN,1.2112,1
19,GRANDE|2/5|UNI|KR6BNG31,ESTRELLA NON-ALCOHOLIC|1/3|P24|KR02104,C_brand,7BNG3LB2,ENB13LB,0.9136,1
19,GRANDE|2/5|UNI|KR6BNG31,SABOR|2/5|UNI|KR6BNNN2,C_brand,7BNG3LB2,7BNNNLB0,1.0555,2
19,GRANDE|2/5|UNI|KR6BNG31,SAN MARCOS|2/5|UNI|KR6BNS90,C_brand,7BNG3LB2,7BNS9LB1,1.747,6
19,GRANDE|2/5|UNI|KR6BNG31,VOLL DAMM|1/3|P12|KR00528,C_brand,7BNG3LB2,VO13PL12,0.0021,0
19,GRANDE|2/5|UNI|KR6BNS90,ESTRELLA DAMM|1/3|P24|KR02332,C_brand,7BNS9LB0,EX13LBUK,1.5162,1
19,INEDIT|1/2|UNI|KR03307,CARLSBERG|1/3|P12|KR04503,C_brand,ID12LBN,CB13L12P,0.9025,1
19,INEDIT|1/2|UNI|KR03307,ESTRELLA LEVANTE|1/2|UNI|KR05503,C_brand,ID12LBN,LC12LTW,0.8019,1
19,INEDIT|1/2|UNI|KR03307,KELER|1/3|P12|KR80025,C_brand,ID12LBN,KE13PL12,0.8193,1
19,INEDIT|1/2|UNI|KR03307,VICTORIA|1/2|UNI|KR82808,C_brand,ID12LBN,VI12LTW,2.0125,1
19,INNIS & GUNN|1/3|P24|KR6BNIG0,EMD BRAU|1/3|P12|KR6BNEB9,C_brand,3BNIGLB0,3BNEBL23,1.5977,1
19,INNIS & GUNN|1/3|P24|KR6BNIG0,ESTRELLA DAMM|1/3|UNI|KR00440,C_brand,3BNIGLB0,ED13LTCW,1.7615,1
19,INNIS & GUNN|1/3|P24|KR6BNIG0,Molen|1/3|P24|KR6BNML5,C_brand,3BNIGLB0,3BVMLLB0,2.7672,1
19,KELER|1/2|UNI|KR82407,ESTRELLA LEVANTE|1/2|UNI|KR05503,C_brand,KE12LTW,LC12LTW,0.584,3
19,KELER|1/2|UNI|KR82407,ESTRELLA LEVANTE|1/2|UNI|KR05506,C_brand,KE12LTW,LC12LTW,0.8528,1
19,KELER|1/2|UNI|KR82407,XIBECA|1/2|UNI|KR00203,C_brand,KE12LTW,XI12LT,0.7774,1
19,KELER|1/3|P12|KR80024,VOLL DAMM|1/3|P12|KR00525,C_brand,KE13PL12,VO13PL12,1.8111,1
19,KELER|1/3|P12|KR80025,ESTRELLA LEVANTE|1/2|UNI|KR05503,C_brand,KE13PL12,LC12LTW,0.02,0
19,KELER|1/3|P12|KR80025,ESTRELLA NON-ALCOHOLIC|1/3|P24|KR02104,C_brand,KE13PL12,ENB13LB,0.197,1
19,KELER|1/3|P12|KR80025,ROSA BLANCA|1/3|P12|KR03502,C_brand,KE13PL12,RB13L12N,1.0688,1
19,KELER|1/3|P12|KR80025,ROSA BLANCA|1/3|P12|KR03503,C_brand,KE13PL12,RB13L12N,0.596,2
19,KELER|1/3|P12|KR80025,ROSA BLANCA|2/5|PACK|KR06301,C_brand,KE13PL12,RL25L10A,0.9702,1
19,KELER|1/3|P12|KR80025,TURIA MARZEN|1/3|PACK|KR00607,C_brand,KE13PL12,TU13LP12,1.2885,3
19,KELER|1/3|P12|KR80025,TURIA MARZEN|1/3|PACK|KR00609,C_brand,KE13PL12,TU13LP12,1.8113,1
19,KELER|1/3|P12|KR80025,XIBECA|1/2|UNI|KR00203,C_brand,KE13PL12,XI12LT,0.8177,1
19,KELER|1/3|P12|KR80025,XIBECA|1/3|P12|KR00719,C_brand,KE13PL12,XI13L12M,1.0524,1
19,KELER|1/3|P12|KR80026,VOLL DAMM|1/3|P12|KR00528,C_brand,KE13PL12,VO13P12M,0.5538,1
19,LA FRÍA|1/3|P24|KR6BNZF0,ESTRELLA DAMM|1/3|P12|KR00441,C_brand,3BNZFLB1,ED1312MZ,0.4143,2
19,LA FRÍA|1/3|P24|KR6BNZF0,FREE DAMM|1/3|PACK|KR00038,C_brand,3BNZFLB2,FD13LP4A,0.0154,0
19,LA FRÍA|1/3|P24|KR6BNZF1,ESTRELLA DAMM|1/2|UNI|KR02046,C_brand,3BNZFLB1,EX1224BI,2.6069,1
19,LA FRÍA|1/3|P24|KR6BNZF1,ESTRELLA DAMM|1/3|P24|KR02336,C_brand,3BNZFLB1,EX13LUKB,1.2409,1
19,LA FRÍA|1/3|P24|KR6BNZF1,ESTRELLA DAMM|1/3|P24|KR02342,C_brand,3BNZFLB1,EX1324NB,0.7824,0
19,LA FRÍA|1/3|P24|KR6BNZF1,ESTRELLA DAMM|2/5|UNI|KR06102,C_brand,3BNZFLB1,EX25L10A,1.0386,1
19,LA FRÍA|1/3|P24|KR6BNZF1,ESTRELLA NON-ALCOHOLIC|1/3|P24|KR02104,C_brand,3BNZFLB1,ENB13LB,0.7574,1
19,LA FRÍA|1/3|P24|KR6BNZF1,ESTRELLA NON-ALCOHOLIC|1/3|UNI|KR01621,C_brand,3BNZFLB1,EN13LB24,0.6648,2
19,LA FRÍA|1/3|P24|KR6BNZF1,FREE DAMM|1/3|PACK|KR00038,C_brand,3BNZFLB1,FD13LP12,1.3193,1
19,LA FRÍA|1/3|P24|KR6BNZF1,GRANDE|2/5|UNI|KR6BNG30,C_brand,3BNZFLB1,7BNG3LB1,2.5195,1
19,LA FRÍA|1/3|P24|KR6BNZF1,GRANDE|2/5|UNI|KR6BNG31,C_brand,3BNZFLB1,7BNG3LB2,1.9191,2
19,LA FRÍA|1/3|P24|KR6BNZF1,INNIS & GUNN|1/3|P24|KR6BNIG0,C_brand,3BNZFLB1,3BNIGLB0,1.2219,1
19,LA FRÍA|1/3|P24|KR6BNZF1,SABOR|1/2|UNI|KR6BNNN1,C_brand,3BNZFLB1,5BNNNLB1,0.6844,1
19,LA FRÍA|1/3|P24|KR6BNZF1,VOLL DAMM|1/3|P12|KR00528,C_brand,3BNZFLB1,VO13PL12,0.7836,1
19,Molen|1/3|P24|KR6BNML5,ESTRELLA DAMM|1/3|P24|KR02332,C_brand,3BVMLLB0,EX13LBUK,1.8518,2
19,Molen|1/3|P24|KR6BNML5,GRANDE|2/5|UNI|KR6BNG30,C_brand,3BVMLLB0,7BNG3LB1,1.4335,1
19,Molen|1/3|P24|KR6BNML5,GRANDE|2/5|UNI|KR6BNG31,C_brand,3BVMLLB0,7BNG3LB2,1.1262,1
19,Molen|1/3|P24|KR6BNML5,SAN MARCOS|2/5|UNI|KR6BNS90,C_brand,3BVMLLB0,7BNS9LB1,1.6535,1
19,ROSA BLANCA|1/3|P12|KR03502,ROSA BLANCA|2/5|UNI|KR06301,C_vol,RB13L12N,RL25LBAN,0.267,1
19,ROSA BLANCA|1/3|P12|KR03502,TURIA MARZEN|1/3|PACK|KR00607,C_brand,RB13L12N,TU13LP12,1.3772,1
19,ROSA BLANCA|1/3|P12|KR03502,TURIA MARZEN|1/3|PACK|KR00609,C_brand,RB13L12N,TU13LP12,2.1839,1
19,ROSA BLANCA|1/3|P12|KR03503,ESTRELLA DAMM|1/3|UNI|KR00443,C_brand,RB13L12N,ED13LTW,1.3244,1
19,ROSA BLANCA|1/3|P12|KR03503,TURIA MARZEN|1/3|PACK|KR00607,C_brand,RB13L12N,TU13LP12,2.5899,4
19,ROSA BLANCA|2/5|PACK|KR06301,TURIA MARZEN|1/3|PACK|KR00607,C_brand,RL25L10A,TU13LP12,0.8892,1
19,ROSA BLANCA|2/5|UNI|KR06301,DAMM LEMON|1/3|UNI|KR00924,C_brand,RL25LBAN,DL13LN,0.6338,1
19,ROSA BLANCA|2/5|UNI|KR06301,FREE DAMM|1/3|PACK|KR00038,C_brand,RL25LBAN,FD13LP12,1.2282,1
19,ROSA BLANCA|2/5|UNI|KR06301,SAN MARCOS|2/5|UNI|KR6BNS90,C_brand,RL25LBAN,7BNS9LB1,1.1638,1
19,ROSA BLANCA|2/5|UNI|KR06301,TURIA MARZEN|1/3|PACK|KR00607,C_brand,RL25LBAN,TU13LP12,1.921,1
19,ROSA BLANCA|2/5|UNI|KR06301,VOLL DAMM|1/3|P12|KR00525,C_brand,RL25LBAN,VO13PL12,1.4587,1
19,ROSA BLANCA|2/5|UNI|KR06301,XIBECA|1/3|P12|KR00718,C_brand,RL25LBAN,XI1312MM,0.5388,1
19,SABOR|1/2|UNI|KR6BNNN1,DAMM LEMON|1/2|UNI|KR07100,C_brand,5BNNNLB1,DL12LT,0.8508,1
19,SABOR|1/2|UNI|KR6BNNN1,ESTRELLA DAMM|1/2|UNI|KR00129,C_brand,5BNNNLB1,ED12LTW,3.3684,4
19,SABOR|1/2|UNI|KR6BNNN1,ESTRELLA DAMM|1/3|UNI|KR00443,C_brand,5BNNNLB1,ED13LTW,2.6505,1
19,SABOR|2/5|UNI|KR6BNNN2,CARLSBERG|1/3|P12|KR04503,C_brand,7BNNNLB0,CB13L12P,0.4694,1
19,SABOR|2/5|UNI|KR6BNNN2,DAMM LEMON|1/3|PACK|KR00927,C_brand,7BNNNLB0,DL13LP4A,0.9769,1
19,SABOR|2/5|UNI|KR6BNNN2,ESTRELLA DAMM|1/3|P24|KR02337,C_brand,7BNNNLB0,EX13LTIB,1.1253,1
19,SABOR|2/5|UNI|KR6BNNN2,ROSA BLANCA|1/3|P12|KR03503,C_brand,7BNNNLB0,RB13L12N,0.4862,1
19,SABOR|2/5|UNI|KR6BNNN2,SAN MARCOS|2/5|UNI|KR6BNS90,C_brand,7BNNNLB0,7BNS9LB1,2.6352,1
19,SAN MARCOS|2/5|UNI|KR6BNS90,DAMM LEMON|1/3|PACK|KR00927,C_brand,7BNS9LB1,DL13LP4A,1.1227,3
19,SAN MARCOS|2/5|UNI|KR6BNS90,DAMM LEMON|1/3|PACK|KR00928,C_brand,7BNS9LB1,DL1312NN,1.08,2
19,SAN MARCOS|2/5|UNI|KR6BNS90,ESTRELLA DAMM|1/3|P12|KR00443,C_brand,7BNS9LB1,ED13P12M,5.5674,2
19,SAN MARCOS|2/5|UNI|KR6BNS90,ESTRELLA DAMM|1/3|UNI|KR02337,C_brand,7BNS9LB1,EX1324BN,0.7964,1
19,SAN MARCOS|2/5|UNI|KR6BNS90,ESTRELLA DAMM|2/5|UNI|KR06104,C_brand,7BNS9LB1,EX25LBAY,8.7294,1
19,SAN MARCOS|2/5|UNI|KR6BNS90,ESTRELLA NON-ALCOHOLIC|2/5|P24|KR04200,C_brand,7BNS9LB1,EN25LBUK,1.4083,3
19,SANTA ISABEL|1/3|P24|KR6BNIL1,GRANDE|2/5|UNI|KR6BNG31,C_brand,3BNILLB1,7BNG3LB2,1.6693,1
19,SHEKELS|1/3|P24|KR6BNHJ2,AURUM|1/3|P12|KR6BNAU7,C_brand,3BNHJLB2,3BNAULD1,3.863,1
19,SHEKELS|1/3|P24|KR6BNHJ2,ESTRELLA DAMM|1/3|P12|KR00443,C_brand,3BNHJLB2,ED13LP12,5.8342,1
19,SKOL|1/3|UNI|KR80115,XIBECA|1/3|P12|KR00716,C_brand,SK13LN,XI13L12M,1.4578,1
19,SKOL|1/3|UNI|KR80116,LA FRÍA|1/3|P24|KR6BNZF1,C_brand,SK13LN,3BNZFLB1,3.0542,1
19,TURIA MARZEN|1/3|PACK|KR00607,ROSA BLANCA|2/5|UNI|KR06301,C_brand,TU13LP12,RL25LBAN,1.1781,1
19,TURIA MARZEN|1/3|PACK|KR00607,VICTORIA|1/2|UNI|KR82805,C_brand,TU13LP12,VI12LTW,2.5429,1
19,TURIA MARZEN|1/3|PACK|KR00607,VICTORIA|1/3|P12|KR81115,C_brand,TU13LP12,VI1312MN,0.8299,1
19,TURIA MARZEN|1/3|PACK|KR00607,VOLL DAMM|1/2|UNI|KR02705,C_brand,TU13LP12,VO12LT,1.6329,1
19,TURIA MARZEN|1/3|PACK|KR00607,VOLL DAMM|1/3|P12|KR00525,C_brand,TU13LP12,VO13P12M,1.799,2
19,TURIA MARZEN|1/3|PACK|KR00607,VOLL DAMM|1/3|P12|KR00528,C_brand,TU13LP12,VO13P12M,1.2895,5
19,TURIA MARZEN|1/3|PACK|KR00609,COMPLOT|1/3|UNI|KR05002,C_brand,TU13LP12,CM13LT,0.656,1
19,TURIA MARZEN|1/3|PACK|KR00609,SAN MARCOS|2/5|UNI|KR6BNS90,C_brand,TU13LP12,7BNS9LB1,1.7658,1
19,TURIA MARZEN|1/3|PACK|KR00609,VOLL DAMM|1/3|P12|KR00528,C_brand,TU13LP12,VO13P12M,1.5874,1
19,UNLAGUER|1/3|P24|KR6BNUL3,ESTRELLA DAMM|1/3|UNI|KR00441,C_brand,3BNULLB0,ED13LTW,1.5073,1
19,UNLAGUER|1/3|P24|KR6BNUL3,ESTRELLA DAMM|1/3|UNI|KR02337,C_brand,3BNULLB0,EX1324BN,1.7557,1
19,UNLAGUER|1/3|P24|KR6BNUL3,FREE DAMM|1/3|PACK|KR00036,C_brand,3BNULLB0,FD13LP12,0.3862,1
19,UNLAGUER|1/3|P24|KR6BNUL3,GRANDE|2/5|UNI|KR6BNG30,C_brand,3BNULLB0,7BNG3LB0,1.4204,2
19,VICTORIA|1/2|UNI|KR82805,ESTRELLA DAMM|1/3|UNI|KR00441,C_brand,VI12LTW,ED13LTW,1.0021,1
19,VICTORIA|1/2|UNI|KR82805,VICTORIA|1/2|UNI|KR82806,C_envase,VI12LTW,VI12LTX,8.3161,2
19,VICTORIA|1/2|UNI|KR82805,VOLL DAMM|1/2|UNI|KR02702,C_brand,VI12LTN,VO12LT,1.8398,2
19,VICTORIA|1/2|UNI|KR82805,VOLL DAMM|1/2|UNI|KR02705,C_brand,VI12LTW,VO12LT,1.1049,2
19,VICTORIA|1/2|UNI|KR82805,VOLL DAMM|1/3|P12|KR00525,C_brand,VI12LTN,VO13P12M,1.622,2
19,VICTORIA|1/2|UNI|KR82806,ESTRELLA DAMM|1/2|UNI|KR02047,C_brand,VI12LTX,EXB12LBY,0.8632,1
19,VICTORIA|1/2|UNI|KR82806,ESTRELLA DAMM|1/3|P24|KR02337,C_brand,VI12LTX,EX13LTIB,0.7111,1
19,VICTORIA|1/2|UNI|KR82806,ESTRELLA DAMM|1/3|UNI|KR00443,C_brand,VI12LTX,ED13LTW,2.9344,1
19,VICTORIA|1/2|UNI|KR82806,ESTRELLA LEVANTE|1/2|UNI|KR05503,C_brand,VI12LTX,LC12LTW,1.1749,1
19,VICTORIA|1/2|UNI|KR82806,VOLL DAMM|1/2|UNI|KR02702,C_brand,VI12LTX,VO12LT,0.9253,2
19,VICTORIA|1/2|UNI|KR82808,VOLL DAMM|1/2|UNI|KR02705,C_brand,VI12LTW,VO12LT,1.1792,3
19,VICTORIA|1/2|UNI|KR82808,XIBECA|1/2|UNI|KR00203,C_brand,VI12LTW,XI12LT,1.0347,1
19,VICTORIA|1/2|UNI|KR82809,ESTRELLA DAMM|1/2|UNI|KR03114,C_brand,VI12LTW,EXB12LBI,0.8663,1
19,VICTORIA|1/2|UNI|KR82809,VOLL DAMM|1/2|UNI|KR02705,C_brand,VI12LTW,VO12LT,0.7491,3
19,VICTORIA|1/3|P12|KR81115,VOLL DAMM|1/3|P12|KR00525,C_brand,VI1312MN,VO13P12M,1.3847,1
19,VICTORIA|1/3|UNI|KR81120,VICTORIA|1/2|UNI|KR82808,C_vol,VI13LB24,VI12LTW,1.9546,1
19,VOLL DAMM|1/2|UNI|KR02702,ESTRELLA DAMM|1/2|UNI|KR02043,C_brand,VO12LT,EX1224LI,2.4569,1
19,VOLL DAMM|1/2|UNI|KR02702,ESTRELLA DAMM|1/3|P12|KR00441,C_brand,VO12LT,ED13LP12,1.5513,1
19,VOLL DAMM|1/2|UNI|KR02702,VOLL DAMM|1/3|P12|KR00525,C_vol,VO12LT,VO13PL12,1.7709,1
19,VOLL DAMM|1/2|UNI|KR02702,XIBECA|1/2|UNI|KR00203,C_brand,VO12LT,XI12LT,0.5388,2
19,VOLL DAMM|1/2|UNI|KR02702,XIBECA|1/3|P12|KR00718,C_brand,VO12LT,XI1312MM,0.6071,1
19,VOLL DAMM|1/2|UNI|KR02705,CARLSBERG|1/3|P12|KR04503,C_brand,VO12LT,CB13L12P,0.49,1
19,VOLL DAMM|1/2|UNI|KR02705,DAMM LEMON|1/2|UNI|KR07101,C_brand,VO12LT,DL12LT,1.7828,1
19,VOLL DAMM|1/2|UNI|KR02705,ESTRELLA DAMM|1/3|UNI|KR02337,C_brand,VO12LT,EX1324BN,1.4446,1
19,VOLL DAMM|1/2|UNI|KR02705,ESTRELLA LEVANTE|1/2|UNI|KR05503,C_brand,VO12LT,LC12LTW,1.1018,1
19,VOLL DAMM|1/2|UNI|KR02705,SHEKELS|1/3|P24|KR6BNHJ2,C_brand,VO12LT,3BNHJLB2,0.8473,1
19,VOLL DAMM|1/2|UNI|KR02705,VOLL DAMM|1/3|P12|KR00528,C_vol,VO12LT,VO13P12M,1.4024,1
19,VOLL DAMM|1/2|UNI|KR02705,XIBECA|1/2|UNI|KR00204,C_brand,VO12LT,XI12LT,1.3976,1
19,VOLL DAMM|1/2|UNI|KR02705,XIBECA|1/3|P12|KR00719,C_brand,VO12LT,XI13L12M,1.0169,1
19,VOLL DAMM|1/3|P12|KR00525,ESTRELLA DAMM|1/3|P12|KR00441,C_brand,VO13PL12,ED13P12M,0.7998,2
19,VOLL DAMM|1/3|P12|KR00525,ESTRELLA DAMM|1/3|UNI|KR00441,C_brand,VO13PL12,ED13LTW,2.7151,1
19,VOLL DAMM|1/3|P12|KR00525,LA FRÍA|1/3|P24|KR6BNZF0,C_brand,VO13PL12,3BNZFLB1,2.8697,1
19,VOLL DAMM|1/3|P12|KR00525,VOLL DAMM|1/3|P12|KR00525,C0_self,VO13P12M,VO13PL12,2.3977,4
19,VOLL DAMM|1/3|P12|KR00525,XIBECA|1/2|UNI|KR00203,C_brand,VO13PL12,XI12LT,0.9266,1
19,VOLL DAMM|1/3|P12|KR00525,XIBECA|1/3|P12|KR00716,C_brand,VO13PL12,XI13L12M,0.7319,2
19,VOLL DAMM|1/3|P12|KR00525,XIBECA|1/3|PACK|KR00716,C_brand,VO13P12M,XI1316XA,0.4032,1
19,VOLL DAMM|1/3|P12|KR00528,ESTRELLA DAMM|1/2|UNI|KR03114,C_brand,VO13PL12,EXB12LBI,0.7228,1
19,VOLL DAMM|1/3|P12|KR00528,ESTRELLA DAMM|1/3|P12|KR00443,C_brand,VO13PL12,ED13LP12,2.2604,1
19,VOLL DAMM|1/3|P12|KR00528,ESTRELLA DAMM|1/3|P24|KR02337,C_brand,VO13PL12,EX13LTIB,0.8819,1
19,VOLL DAMM|1/3|P12|KR00528,ESTRELLA DAMM|1/3|UNI|KR00443,C_brand,VO13PL12,ED13LTW,1.8666,1
19,VOLL DAMM|1/3|P12|KR00528,SABOR|2/5|UNI|KR6BNNN2,C_brand,VO13PL12,7BNNNLB0,2.7431,1
19,VOLL DAMM|1/3|P12|KR00528,VOLL DAMM|1/3|P12|KR00528,C0_self,VO13P12M,VO13PL12,1.9265,7
19,VOLL DAMM|1/3|P12|KR00528,XIBECA|1/3|P12|KR00719,C_brand,VO13PL12,XI13L12M,1.1974,2
19,VOLL DAMM|1/3|P12|KR00528,XIBECA|1/3|PACK|KR00718,C_brand,VO13PL12,XI1316XA,0.8608,1
19,XIBECA|1/2|UNI|KR00203,CARLSBERG|1/2|UNI|KR05701,C_brand,XI12LT,CB12LTF,0.2255,1
19,XIBECA|1/2|UNI|KR00203,ESTRELLA DAMM|1/2|UNI|KR02042,C_brand,XI12LT,EX1224LB,0.652,1
19,XIBECA|1/2|UNI|KR00203,ESTRELLA DAMM|1/3|P12|KR00441,C_brand,XI12LT,ED13P12M,6.4819,1
19,XIBECA|1/2|UNI|KR00203,FREE DAMM|1/3|PACK|KR00036,C_brand,XI12LT,FD13LP4A,1.0963,1
19,XIBECA|1/2|UNI|KR00203,XIBECA|1/3|P12|KR00718,C_vol,XI12LT,XI13L12M,0.6258,1
19,XIBECA|1/2|UNI|KR00204,LA FRÍA|1/3|P24|KR6BNZF1,C_brand,XI12LT,3BNZFLB1,3.2559,1
19,XIBECA|1/3|P12|KR00716,ESTRELLA DAMM|1/3|P24|KR02333,C_brand,XI13LP12,EX13LTBI,1.1167,1
19,XIBECA|1/3|P12|KR00716,ESTRELLA DAMM|2/5|UNI|KR06103,C_brand,XI13L12M,EX25L10A,1.081,1
19,XIBECA|1/3|P12|KR00716,ESTRELLA LEVANTE|1/2|UNI|KR05503,C_brand,XI13L12M,LC12LTW,0.6369,1
19,XIBECA|1/3|P12|KR00716,FREE DAMM TOSTADA|1/3|PACK|KR04806,C_brand,XI13L12M,FDT1312N,0.5472,1
19,XIBECA|1/3|P12|KR00716,XIBECA|1/3|P12|KR00716,C0_self,XI13L12M,XI13LP12,0.8694,1
19,XIBECA|1/3|P12|KR00718,ESTRELLA DAMM|1/2|UNI|KR02045,C_brand,XI13L12M,EX12LB,0.9851,1
19,XIBECA|1/3|P12|KR00718,ESTRELLA DAMM|1/3|P12|KR00443,C_brand,XI13L12M,ED1312MZ,1.4807,2
19,XIBECA|1/3|P12|KR00718,ESTRELLA DAMM|1/3|UNI|KR00440,C_brand,XI13LP12,ED13LTCW,2.4058,1
19,XIBECA|1/3|P12|KR00718,ESTRELLA NON-ALCOHOLIC|2/5|P24|KR04200,C_brand,XI13L12M,EN25LBUK,1.7692,1
19,XIBECA|1/3|P12|KR00718,XIBECA|1/3|P12|KR00718,C0_self,XI1312MM,XI13L12M,1.1543,2
19,XIBECA|1/3|P12|KR00719,ESTRELLA DAMM|1/3|P12|KR00443,C_brand,XI13L12M,ED1312MZ,1.5626,2
19,XIBECA|1/3|P12|KR00719,ESTRELLA DAMM|1/3|UNI|KR00443,C_brand,XI13L12M,ED13LTW,3.2822,2
19,XIBECA|1/3|P12|KR00719,ESTRELLA LEVANTE|1/2|UNI|KR05503,C_brand,XI13L12M,LC12LTW,0.8697,1
19,XIBECA|1/3|P12|KR00719,PUERTO CRISTO|1/3|P24|KR6BNUR3,C_brand,XI13LP12,3BNURLB4,5.2019,1
19,XIBECA|1/3|P12|KR00719,XIBECA|1/3|P12|KR00719,C0_self,XI13L12M,XI13LP12,1.4327,2
19,XIBECA|1/3|PACK|KR00718,XIBECA|1/3|P12|KR00718,C_pack,XI1316XA,XI13LP12,0.8177,1
